/*
SQLyog Ultimate v11.11 (64 bit)
MySQL - 5.5.5-10.4.27-MariaDB : Database - climabase
*********************************************************************
*/

/*!40101 SET NAMES utf8 */;

/*!40101 SET SQL_MODE=''*/;

/*!40014 SET @OLD_UNIQUE_CHECKS=@@UNIQUE_CHECKS, UNIQUE_CHECKS=0 */;
/*!40014 SET @OLD_FOREIGN_KEY_CHECKS=@@FOREIGN_KEY_CHECKS, FOREIGN_KEY_CHECKS=0 */;
/*!40101 SET @OLD_SQL_MODE=@@SQL_MODE, SQL_MODE='NO_AUTO_VALUE_ON_ZERO' */;
/*!40111 SET @OLD_SQL_NOTES=@@SQL_NOTES, SQL_NOTES=0 */;
CREATE DATABASE /*!32312 IF NOT EXISTS*/`climabase` /*!40100 DEFAULT CHARACTER SET utf8mb4 COLLATE utf8mb4_general_ci */;

USE `climabase`;

/*Table structure for table `tbl_aulas` */

DROP TABLE IF EXISTS `tbl_aulas`;

CREATE TABLE `tbl_aulas` (
  `Id_aula` int(11) NOT NULL AUTO_INCREMENT,
  `Nombre_aula` varchar(50) NOT NULL,
  `Id_edificio` int(11) NOT NULL,
  `Id_tipo_aula` int(11) NOT NULL,
  PRIMARY KEY (`Id_aula`),
  KEY `Id_edificio` (`Id_edificio`),
  KEY `Id_tipo_aula` (`Id_tipo_aula`),
  CONSTRAINT `tbl_aulas_ibfk_1` FOREIGN KEY (`Id_edificio`) REFERENCES `tbl_edificios` (`Id_edificio`),
  CONSTRAINT `tbl_aulas_ibfk_2` FOREIGN KEY (`Id_tipo_aula`) REFERENCES `tbl_tipos_aula` (`id_tipo_aula`)
) ENGINE=InnoDB AUTO_INCREMENT=41 DEFAULT CHARSET=utf8mb4 COLLATE=utf8mb4_general_ci;

/*Data for the table `tbl_aulas` */

LOCK TABLES `tbl_aulas` WRITE;

insert  into `tbl_aulas`(`Id_aula`,`Nombre_aula`,`Id_edificio`,`Id_tipo_aula`) values (3,'5',2,3),(38,'3',19,3);

UNLOCK TABLES;

/*Table structure for table `tbl_climas` */

DROP TABLE IF EXISTS `tbl_climas`;

CREATE TABLE `tbl_climas` (
  `Id_clima` int(11) NOT NULL AUTO_INCREMENT,
  `Modelo` varchar(50) DEFAULT NULL,
  `Id_marca` int(11) DEFAULT NULL,
  `Capacidad` int(11) DEFAULT NULL,
  `Voltaje` int(11) DEFAULT NULL,
  `Fecha_ingreso` date DEFAULT NULL,
  `Id_vinculacion_iot` int(11) DEFAULT NULL,
  PRIMARY KEY (`Id_clima`),
  KEY `Nombre_marca` (`Id_marca`),
  KEY `Id_iot` (`Id_vinculacion_iot`),
  CONSTRAINT `tbl_climas_ibfk_1` FOREIGN KEY (`Id_marca`) REFERENCES `tbl_marca` (`Id_marca`),
  CONSTRAINT `tbl_climas_ibfk_2` FOREIGN KEY (`Id_vinculacion_iot`) REFERENCES `tbl_vinculacion_iot` (`Id_vinculacion_iot`)
) ENGINE=InnoDB AUTO_INCREMENT=33 DEFAULT CHARSET=utf8mb4 COLLATE=utf8mb4_general_ci;

/*Data for the table `tbl_climas` */

LOCK TABLES `tbl_climas` WRITE;

insert  into `tbl_climas`(`Id_clima`,`Modelo`,`Id_marca`,`Capacidad`,`Voltaje`,`Fecha_ingreso`,`Id_vinculacion_iot`) values (32,'CLIMAX2',14,500,220,'2024-07-26',56);

UNLOCK TABLES;

/*Table structure for table `tbl_codigos_climas` */

DROP TABLE IF EXISTS `tbl_codigos_climas`;

CREATE TABLE `tbl_codigos_climas` (
  `Id_codigo` int(11) NOT NULL AUTO_INCREMENT,
  `Id_marca` int(11) NOT NULL,
  `Clave` int(11) NOT NULL,
  PRIMARY KEY (`Id_codigo`),
  KEY `Marca` (`Id_marca`),
  CONSTRAINT `tbl_codigos_climas_ibfk_1` FOREIGN KEY (`Id_marca`) REFERENCES `tbl_marca` (`Id_marca`)
) ENGINE=InnoDB AUTO_INCREMENT=13 DEFAULT CHARSET=utf8mb4 COLLATE=utf8mb4_general_ci;

/*Data for the table `tbl_codigos_climas` */

LOCK TABLES `tbl_codigos_climas` WRITE;

insert  into `tbl_codigos_climas`(`Id_codigo`,`Id_marca`,`Clave`) values (10,14,62231),(12,15,85633);

UNLOCK TABLES;

/*Table structure for table `tbl_dias` */

DROP TABLE IF EXISTS `tbl_dias`;

CREATE TABLE `tbl_dias` (
  `Id_dias` int(11) NOT NULL AUTO_INCREMENT,
  `Dia` varchar(50) DEFAULT NULL,
  PRIMARY KEY (`Id_dias`),
  UNIQUE KEY `Dia` (`Dia`)
) ENGINE=InnoDB AUTO_INCREMENT=8 DEFAULT CHARSET=utf8mb4 COLLATE=utf8mb4_general_ci;

/*Data for the table `tbl_dias` */

LOCK TABLES `tbl_dias` WRITE;

insert  into `tbl_dias`(`Id_dias`,`Dia`) values (7,'Domingo'),(4,'Jueves'),(1,'Lunes'),(2,'Martes'),(3,'Miercoles'),(6,'Sabado'),(5,'Viernes');

UNLOCK TABLES;

/*Table structure for table `tbl_edificios` */

DROP TABLE IF EXISTS `tbl_edificios`;

CREATE TABLE `tbl_edificios` (
  `Id_edificio` int(11) NOT NULL AUTO_INCREMENT,
  `Nombre_edificio` varchar(50) DEFAULT NULL,
  `Imagen` varchar(50) DEFAULT NULL,
  PRIMARY KEY (`Id_edificio`)
) ENGINE=InnoDB AUTO_INCREMENT=20 DEFAULT CHARSET=utf8mb4 COLLATE=utf8mb4_general_ci;

/*Data for the table `tbl_edificios` */

LOCK TABLES `tbl_edificios` WRITE;

insert  into `tbl_edificios`(`Id_edificio`,`Nombre_edificio`,`Imagen`) values (2,'N','img'),(3,'D','img'),(4,'F',NULL),(19,'K','');

UNLOCK TABLES;

/*Table structure for table `tbl_historial_de_acceso` */

DROP TABLE IF EXISTS `tbl_historial_de_acceso`;

CREATE TABLE `tbl_historial_de_acceso` (
  `Id_historial_acceso` int(11) NOT NULL AUTO_INCREMENT,
  `Id_clave_trabajador` int(11) DEFAULT NULL,
  `Id_Clima` int(11) DEFAULT NULL,
  `Accion_realizada` varchar(50) DEFAULT NULL,
  `Fecha_Hora` datetime DEFAULT NULL,
  PRIMARY KEY (`Id_historial_acceso`),
  KEY `Clima` (`Id_Clima`),
  KEY `Id_trabajador` (`Id_clave_trabajador`),
  CONSTRAINT `tbl_historial_de_acceso_ibfk_2` FOREIGN KEY (`Id_Clima`) REFERENCES `tbl_climas` (`Id_clima`),
  CONSTRAINT `tbl_historial_de_acceso_ibfk_3` FOREIGN KEY (`Id_clave_trabajador`) REFERENCES `tbl_trabajadores` (`Id_clave_trabajador`)
) ENGINE=InnoDB AUTO_INCREMENT=203 DEFAULT CHARSET=utf8mb4 COLLATE=utf8mb4_general_ci;

/*Data for the table `tbl_historial_de_acceso` */

LOCK TABLES `tbl_historial_de_acceso` WRITE;

insert  into `tbl_historial_de_acceso`(`Id_historial_acceso`,`Id_clave_trabajador`,`Id_Clima`,`Accion_realizada`,`Fecha_Hora`) values (192,32,32,'ENCENDIDO','2024-07-26 16:41:33'),(193,32,32,'APAGADO','2024-07-26 16:41:42'),(194,32,32,'ENCENDIDO','2024-07-26 16:42:39'),(195,32,32,'APAGADO','2024-07-26 16:43:05'),(196,32,32,'ENCENDIDO','2024-07-26 16:43:06'),(197,32,32,'Apagado','2024-07-26 10:47:03'),(198,32,32,'Apagado','2024-07-26 10:47:08'),(199,32,32,'Apagado','2024-07-26 10:47:12'),(200,32,32,'Encendido','2024-07-26 10:47:56'),(201,32,32,'Encendido','2024-07-26 10:48:05'),(202,32,32,'Encendido','2024-07-26 10:48:20');

UNLOCK TABLES;

/*Table structure for table `tbl_historico_iot` */

DROP TABLE IF EXISTS `tbl_historico_iot`;

CREATE TABLE `tbl_historico_iot` (
  `Id_historico_iot` int(11) NOT NULL AUTO_INCREMENT,
  `Id_vinculacion_iot` int(11) DEFAULT NULL,
  `Presencia_personas` int(11) DEFAULT NULL,
  `Humedad_value` int(11) DEFAULT NULL,
  `Temperatura_value` int(11) DEFAULT NULL,
  `Estado_clima` tinyint(1) DEFAULT NULL,
  `Fecha_hora` datetime DEFAULT NULL,
  PRIMARY KEY (`Id_historico_iot`),
  KEY `Id_iot` (`Id_vinculacion_iot`),
  CONSTRAINT `tbl_historico_iot_ibfk_1` FOREIGN KEY (`Id_vinculacion_iot`) REFERENCES `tbl_vinculacion_iot` (`Id_vinculacion_iot`)
) ENGINE=InnoDB AUTO_INCREMENT=2347 DEFAULT CHARSET=utf8mb4 COLLATE=utf8mb4_general_ci;

/*Data for the table `tbl_historico_iot` */

LOCK TABLES `tbl_historico_iot` WRITE;

insert  into `tbl_historico_iot`(`Id_historico_iot`,`Id_vinculacion_iot`,`Presencia_personas`,`Humedad_value`,`Temperatura_value`,`Estado_clima`,`Fecha_hora`) values (1226,56,2,69,28,0,'2024-07-26 16:38:41'),(1227,56,2,45,24,0,'2024-07-26 16:38:46'),(1228,56,2,45,24,0,'2024-07-26 16:39:19'),(1229,56,2,45,24,0,'2024-07-26 16:41:03'),(1230,56,2,45,24,0,'2024-07-26 16:41:08'),(1231,56,2,45,24,0,'2024-07-26 16:41:13'),(1232,56,2,45,24,0,'2024-07-26 16:41:18'),(1233,56,2,45,24,0,'2024-07-26 16:41:24'),(1234,56,2,45,24,0,'2024-07-26 16:41:28'),(1235,56,2,45,24,1,'2024-07-26 16:41:33'),(1236,56,2,45,24,1,'2024-07-26 16:41:38'),(1237,56,2,45,24,0,'2024-07-26 16:41:47'),(1238,56,2,45,24,0,'2024-07-26 16:41:55'),(1239,56,2,46,24,0,'2024-07-26 16:42:00'),(1240,56,2,46,24,0,'2024-07-26 16:42:05'),(1241,56,2,46,24,0,'2024-07-26 16:42:10'),(1242,56,2,47,24,0,'2024-07-26 16:42:14'),(1243,56,2,47,24,0,'2024-07-26 16:42:19'),(1244,56,2,47,24,0,'2024-07-26 16:42:24'),(1245,56,2,47,24,0,'2024-07-26 16:42:29'),(1246,56,2,47,24,0,'2024-07-26 16:42:34'),(1247,56,2,47,24,0,'2024-07-26 16:42:39'),(1248,56,2,47,24,0,'2024-07-26 16:42:44'),(1249,56,2,47,24,0,'2024-07-26 16:42:49'),(1250,56,2,47,24,0,'2024-07-26 16:42:54'),(1251,56,2,46,24,0,'2024-07-26 16:42:59'),(1252,56,2,46,24,0,'2024-07-26 16:43:04'),(1253,56,2,46,24,1,'2024-07-26 16:43:09'),(1254,56,2,47,24,1,'2024-07-26 16:43:14'),(1255,56,2,47,24,1,'2024-07-26 16:43:20'),(1256,56,2,47,24,1,'2024-07-26 16:43:25'),(1257,56,2,48,24,1,'2024-07-26 16:43:30'),(1258,56,2,48,24,1,'2024-07-26 16:43:36'),(1259,56,2,48,24,1,'2024-07-26 16:43:41'),(1260,56,2,48,24,1,'2024-07-26 16:43:45'),(1261,56,2,49,24,1,'2024-07-26 16:43:51'),(1262,56,2,49,24,1,'2024-07-26 16:43:55'),(1263,56,2,49,24,1,'2024-07-26 16:44:00'),(1264,56,2,49,24,1,'2024-07-26 16:44:06'),(1265,56,2,49,24,1,'2024-07-26 16:44:12'),(1266,56,2,49,25,1,'2024-07-26 16:44:51'),(1267,56,2,49,25,1,'2024-07-26 16:44:56'),(1268,56,2,49,25,1,'2024-07-26 16:45:01'),(1269,56,2,49,25,1,'2024-07-26 16:45:05'),(1270,56,2,49,25,1,'2024-07-26 16:45:11'),(1271,56,2,49,25,1,'2024-07-26 16:45:16'),(1272,56,2,49,25,1,'2024-07-26 16:45:21'),(1273,56,2,49,25,1,'2024-07-26 16:45:37'),(1274,56,2,50,25,1,'2024-07-26 16:45:44'),(1275,56,2,50,25,1,'2024-07-26 16:45:48'),(1276,56,2,50,25,1,'2024-07-26 16:45:53'),(1277,56,2,50,25,1,'2024-07-26 16:45:59'),(1278,56,2,50,25,1,'2024-07-26 16:46:06'),(1279,56,2,50,25,1,'2024-07-26 16:46:09'),(1280,56,2,50,25,1,'2024-07-26 16:46:14'),(1281,56,2,50,25,1,'2024-07-26 16:46:18'),(1282,56,2,50,25,1,'2024-07-26 16:46:24'),(1283,56,2,49,25,1,'2024-07-26 16:46:28'),(1284,56,2,49,25,1,'2024-07-26 16:46:34'),(1285,56,2,49,25,1,'2024-07-26 16:46:39'),(1286,56,2,48,25,1,'2024-07-26 16:46:43'),(1287,56,2,48,26,1,'2024-07-26 16:46:49'),(1288,56,2,48,26,1,'2024-07-26 16:46:54'),(1289,56,2,48,26,1,'2024-07-26 16:46:58'),(1290,56,2,48,26,1,'2024-07-26 16:47:03'),(1291,56,2,48,26,1,'2024-07-26 16:47:09'),(1292,56,2,48,26,0,'2024-07-26 16:47:15'),(1293,56,2,48,26,0,'2024-07-26 16:47:19'),(1294,56,2,48,26,0,'2024-07-26 16:47:24'),(1295,56,2,48,26,0,'2024-07-26 16:47:33'),(1296,56,2,47,26,0,'2024-07-26 16:47:38'),(1297,56,2,47,26,0,'2024-07-26 16:47:44'),(1298,56,2,47,26,0,'2024-07-26 16:47:52'),(1299,56,2,46,26,0,'2024-07-26 16:48:00'),(1300,56,2,46,26,0,'2024-07-26 16:48:05'),(1301,56,2,46,26,0,'2024-07-26 16:48:12'),(1302,56,2,46,26,0,'2024-07-26 16:48:17'),(1303,56,2,46,26,1,'2024-07-26 16:48:21'),(1304,56,2,47,26,1,'2024-07-26 16:48:26'),(1305,56,2,47,26,1,'2024-07-26 16:48:31'),(1306,56,2,47,26,1,'2024-07-26 16:48:36'),(1307,56,2,47,26,1,'2024-07-26 16:48:43'),(1308,56,2,47,26,1,'2024-07-26 16:48:49'),(1309,56,2,47,26,1,'2024-07-26 16:48:55'),(1310,56,2,47,26,1,'2024-07-26 16:49:02'),(1311,56,2,47,26,1,'2024-07-26 16:49:06'),(1312,56,2,47,26,1,'2024-07-26 16:49:11'),(1313,56,2,47,26,1,'2024-07-26 16:49:17'),(1314,56,2,47,26,1,'2024-07-26 16:49:27'),(1315,56,2,47,26,-1,'2024-07-26 16:49:49'),(1316,56,2,47,26,-1,'2024-07-26 16:49:58'),(1317,56,2,47,26,-1,'2024-07-26 16:50:05'),(1318,56,2,48,26,-1,'2024-07-26 16:50:12'),(1319,56,2,48,26,-1,'2024-07-26 16:50:18'),(1320,56,2,48,26,-1,'2024-07-26 16:50:23'),(1321,56,2,48,26,-1,'2024-07-26 16:50:29'),(1322,56,2,48,26,-1,'2024-07-26 16:50:34'),(1323,56,2,48,26,-1,'2024-07-26 16:50:41'),(1324,56,2,48,26,-1,'2024-07-26 16:50:47'),(1325,56,2,48,26,-1,'2024-07-26 16:50:58'),(1326,56,2,49,26,-1,'2024-07-26 16:51:05'),(1327,56,2,49,26,-1,'2024-07-26 16:51:10'),(1328,56,2,49,26,-1,'2024-07-26 16:51:17'),(1329,56,2,49,27,-1,'2024-07-26 16:51:21'),(1330,56,2,49,27,-1,'2024-07-26 16:51:26'),(1331,56,2,49,27,-1,'2024-07-26 16:51:31'),(1332,56,2,49,27,-1,'2024-07-26 16:51:37'),(1333,56,2,49,27,-1,'2024-07-26 16:51:43'),(1334,56,2,49,27,-1,'2024-07-26 16:51:47'),(1335,56,2,49,27,-1,'2024-07-26 16:51:53'),(1336,56,2,48,27,-1,'2024-07-26 16:51:57'),(1337,56,2,48,27,-1,'2024-07-26 16:52:04'),(1338,56,2,48,27,-1,'2024-07-26 16:52:07'),(1339,56,2,48,27,-1,'2024-07-26 16:52:11'),(1340,56,2,48,27,-1,'2024-07-26 16:52:17'),(1341,56,2,48,27,-1,'2024-07-26 16:52:22'),(1342,56,2,48,27,-1,'2024-07-26 16:52:28'),(1343,56,2,48,27,-1,'2024-07-26 16:52:31'),(1344,56,2,48,27,-1,'2024-07-26 16:52:36'),(1345,56,2,47,27,-1,'2024-07-26 16:52:41'),(1346,56,2,47,27,-1,'2024-07-26 16:52:46'),(1347,56,2,47,27,-1,'2024-07-26 16:52:53'),(1348,56,2,47,27,-1,'2024-07-26 16:52:57'),(1349,56,2,47,27,-1,'2024-07-26 16:53:03'),(1350,56,2,47,27,-1,'2024-07-26 16:53:09'),(1351,56,2,47,27,-1,'2024-07-26 16:53:15'),(1352,56,2,47,27,-1,'2024-07-26 16:53:33'),(1353,56,2,47,27,-1,'2024-07-26 16:53:38'),(1354,56,2,47,27,-1,'2024-07-26 16:53:44'),(1355,56,2,47,27,-1,'2024-07-26 16:53:50'),(1356,56,2,47,27,-1,'2024-07-26 16:53:54'),(1357,56,2,47,27,-1,'2024-07-26 16:53:59'),(1358,56,2,47,27,-1,'2024-07-26 16:54:05'),(1359,56,2,47,27,-1,'2024-07-26 16:54:09'),(1360,56,2,47,27,-1,'2024-07-26 16:54:15'),(1361,56,2,48,27,-1,'2024-07-26 16:54:24'),(1362,56,2,47,27,-1,'2024-07-26 16:54:30'),(1363,56,2,47,27,-1,'2024-07-26 16:54:34'),(1364,56,2,47,27,-1,'2024-07-26 16:54:41'),(1365,56,2,47,27,-1,'2024-07-26 16:54:45'),(1366,56,2,47,27,-1,'2024-07-26 16:54:49'),(1367,56,2,47,27,-1,'2024-07-26 16:54:54'),(1368,56,2,47,27,-1,'2024-07-26 16:55:00'),(1369,56,2,47,27,-1,'2024-07-26 16:55:06'),(1370,56,2,47,27,-1,'2024-07-26 16:55:10'),(1371,56,2,47,27,-1,'2024-07-26 16:55:15'),(1372,56,2,47,27,-1,'2024-07-26 16:55:20'),(1373,56,2,47,27,-1,'2024-07-26 16:55:26'),(1374,56,2,46,27,-1,'2024-07-26 16:55:30'),(1375,56,2,47,27,-1,'2024-07-26 16:55:36'),(1376,56,2,47,27,-1,'2024-07-26 16:55:43'),(1377,56,2,47,27,-1,'2024-07-26 16:55:47'),(1378,56,2,46,27,-1,'2024-07-26 16:55:51'),(1379,56,2,46,27,-1,'2024-07-26 16:55:56'),(1380,56,2,46,27,-1,'2024-07-26 16:56:01'),(1381,56,2,46,27,-1,'2024-07-26 16:56:09'),(1382,56,2,46,27,-1,'2024-07-26 16:56:14'),(1383,56,2,47,27,-1,'2024-07-26 16:56:19'),(1384,56,2,47,27,-1,'2024-07-26 16:56:24'),(1385,56,2,47,27,-1,'2024-07-26 16:56:31'),(1386,56,2,47,27,-1,'2024-07-26 16:56:35'),(1387,56,2,47,27,-1,'2024-07-26 16:56:40'),(1388,56,2,47,27,-1,'2024-07-26 16:56:44'),(1389,56,2,47,27,-1,'2024-07-26 16:56:50'),(1390,56,2,47,27,-1,'2024-07-26 16:56:55'),(1391,56,2,46,27,-1,'2024-07-26 16:56:58'),(1392,56,2,47,27,-1,'2024-07-26 16:57:05'),(1393,56,2,47,27,-1,'2024-07-26 16:57:10'),(1394,56,2,46,27,-1,'2024-07-26 16:57:13'),(1395,56,2,56,28,-1,'2024-08-14 20:03:56'),(1396,56,2,48,28,-1,'2024-08-14 20:03:58'),(1397,56,2,48,28,-1,'2024-08-14 20:04:06'),(1398,56,2,48,28,-1,'2024-08-14 20:04:08'),(1399,56,2,48,28,-1,'2024-08-14 20:04:13'),(1400,56,2,48,28,-1,'2024-08-14 20:04:18'),(1401,56,2,48,28,-1,'2024-08-14 20:04:23'),(1402,56,2,48,28,-1,'2024-08-14 20:04:28'),(1403,56,2,48,28,-1,'2024-08-14 20:04:33'),(1404,56,2,48,28,-1,'2024-08-14 20:04:38'),(1405,56,2,48,28,-1,'2024-08-14 20:04:43'),(1406,56,2,48,28,-1,'2024-08-14 20:04:48'),(1407,56,2,47,28,-1,'2024-08-14 20:04:53'),(1408,56,2,48,28,-1,'2024-08-14 20:04:58'),(1409,56,2,47,28,-1,'2024-08-14 20:05:03'),(1410,56,2,47,28,-1,'2024-08-14 20:05:08'),(1411,56,2,47,28,-1,'2024-08-14 20:05:13'),(1412,56,2,47,28,-1,'2024-08-14 20:05:18'),(1413,56,2,48,28,-1,'2024-08-14 20:05:23'),(1414,56,2,48,28,-1,'2024-08-14 20:05:28'),(1415,56,2,47,28,-1,'2024-08-14 20:05:39'),(1416,56,2,47,28,-1,'2024-08-14 20:05:42'),(1417,56,2,47,28,-1,'2024-08-14 20:05:44'),(1418,56,2,47,28,-1,'2024-08-14 20:05:48'),(1419,56,2,47,28,-1,'2024-08-14 20:05:54'),(1420,56,2,47,28,-1,'2024-08-14 20:05:58'),(1421,56,2,47,28,-1,'2024-08-14 20:06:04'),(1422,56,2,47,28,-1,'2024-08-14 20:06:08'),(1423,56,2,47,28,-1,'2024-08-14 20:06:13'),(1424,56,2,47,28,-1,'2024-08-14 20:06:18'),(1425,56,2,47,28,-1,'2024-08-14 20:06:23'),(1426,56,2,47,28,-1,'2024-08-14 20:06:29'),(1427,56,2,47,28,-1,'2024-08-14 20:06:33'),(1428,56,2,47,28,-1,'2024-08-14 20:06:38'),(1429,56,2,47,28,-1,'2024-08-14 20:06:43'),(1430,56,2,48,28,-1,'2024-08-14 20:06:48'),(1431,56,2,48,28,-1,'2024-08-14 20:06:53'),(1432,56,2,48,28,-1,'2024-08-14 20:06:58'),(1433,56,2,48,28,-1,'2024-08-14 20:07:04'),(1434,56,2,48,28,-1,'2024-08-14 20:07:08'),(1435,56,2,47,28,-1,'2024-08-14 20:07:13'),(1436,56,2,47,28,-1,'2024-08-14 20:07:18'),(1437,56,2,47,28,-1,'2024-08-14 20:07:23'),(1438,56,2,47,28,-1,'2024-08-14 20:07:29'),(1439,56,2,47,28,-1,'2024-08-14 20:07:33'),(1440,56,2,47,28,-1,'2024-08-14 20:07:39'),(1441,56,2,47,28,-1,'2024-08-14 20:07:43'),(1442,56,2,47,28,-1,'2024-08-14 20:07:48'),(1443,56,2,47,28,-1,'2024-08-14 20:07:53'),(1444,56,2,47,28,-1,'2024-08-14 20:07:58'),(1445,56,2,47,28,-1,'2024-08-14 20:08:03'),(1446,56,2,47,28,-1,'2024-08-14 20:08:08'),(1447,56,2,47,28,-1,'2024-08-14 20:08:13'),(1448,56,2,47,28,-1,'2024-08-14 20:08:19'),(1449,56,2,47,28,-1,'2024-08-14 20:08:23'),(1450,56,2,48,28,-1,'2024-08-14 20:08:29'),(1451,56,2,48,28,-1,'2024-08-14 20:08:33'),(1452,56,2,48,28,-1,'2024-08-14 20:08:38'),(1453,56,2,48,28,-1,'2024-08-14 20:08:43'),(1454,56,2,48,28,-1,'2024-08-14 20:08:48'),(1455,56,2,48,28,-1,'2024-08-14 20:08:54'),(1456,56,2,48,28,-1,'2024-08-14 20:08:58'),(1457,56,2,48,28,-1,'2024-08-14 20:09:03'),(1458,56,2,48,28,-1,'2024-08-14 20:09:08'),(1459,56,2,48,28,-1,'2024-08-14 20:09:13'),(1460,56,2,48,28,-1,'2024-08-14 20:09:18'),(1461,56,2,48,28,-1,'2024-08-14 20:09:23'),(1462,56,2,47,28,-1,'2024-08-14 20:09:29'),(1463,56,2,47,28,-1,'2024-08-14 20:10:47'),(1464,56,2,47,28,-1,'2024-08-14 20:12:16'),(1465,56,2,47,28,-1,'2024-08-14 20:12:22'),(1466,56,2,47,28,-1,'2024-08-14 20:12:26'),(1467,56,2,47,28,-1,'2024-08-14 20:12:33'),(1468,56,2,47,28,-1,'2024-08-14 20:12:36'),(1469,56,2,47,28,-1,'2024-08-14 20:12:41'),(1470,56,2,47,28,-1,'2024-08-14 20:12:46'),(1471,56,2,47,28,-1,'2024-08-14 20:12:51'),(1472,56,2,46,28,-1,'2024-08-14 20:12:56'),(1473,56,2,46,28,-1,'2024-08-14 20:13:01'),(1474,56,2,47,28,-1,'2024-08-14 20:13:06'),(1475,56,2,47,28,-1,'2024-08-14 20:13:11'),(1476,56,2,48,28,-1,'2024-08-14 20:13:16'),(1477,56,2,48,28,-1,'2024-08-14 20:13:21'),(1478,56,2,47,28,-1,'2024-08-14 20:13:26'),(1479,56,2,47,28,-1,'2024-08-14 20:13:31'),(1480,56,2,48,28,-1,'2024-08-14 20:13:36'),(1481,56,2,48,28,-1,'2024-08-14 20:13:41'),(1482,56,2,48,28,-1,'2024-08-14 20:13:46'),(1483,56,2,48,28,-1,'2024-08-14 20:13:51'),(1484,56,2,48,28,-1,'2024-08-14 20:13:59'),(1485,56,2,48,28,-1,'2024-08-14 20:14:01'),(1486,56,2,48,28,-1,'2024-08-14 20:14:07'),(1487,56,2,48,28,-1,'2024-08-14 20:14:11'),(1488,56,2,48,28,-1,'2024-08-14 20:14:18'),(1489,56,2,48,28,-1,'2024-08-14 20:14:21'),(1490,56,2,48,28,-1,'2024-08-14 20:14:28'),(1491,56,2,48,28,-1,'2024-08-14 20:14:31'),(1492,56,2,48,28,-1,'2024-08-14 20:14:36'),(1493,56,2,48,28,-1,'2024-08-14 20:14:41'),(1494,56,2,48,28,-1,'2024-08-14 20:14:46'),(1495,56,2,48,28,-1,'2024-08-14 20:14:51'),(1496,56,2,48,28,-1,'2024-08-14 20:14:56'),(1497,56,2,48,28,-1,'2024-08-14 20:15:01'),(1498,56,2,48,28,-1,'2024-08-14 20:15:06'),(1499,56,2,48,28,-1,'2024-08-14 20:15:11'),(1500,56,2,48,28,-1,'2024-08-14 20:15:16'),(1501,56,2,48,28,-1,'2024-08-14 20:15:22'),(1502,56,2,48,28,-1,'2024-08-14 20:15:27'),(1503,56,2,48,28,-1,'2024-08-14 20:15:32'),(1504,56,2,48,28,-1,'2024-08-14 20:15:39'),(1505,56,2,48,28,-1,'2024-08-14 20:15:42'),(1506,56,2,48,28,-1,'2024-08-14 20:15:47'),(1507,56,2,48,28,-1,'2024-08-14 20:15:52'),(1508,56,2,47,28,-1,'2024-08-14 20:15:57'),(1509,56,2,47,28,-1,'2024-08-14 20:16:02'),(1510,56,2,47,28,-1,'2024-08-14 20:16:07'),(1511,56,2,47,28,-1,'2024-08-14 20:16:12'),(1512,56,2,47,28,-1,'2024-08-14 20:16:17'),(1513,56,2,47,28,-1,'2024-08-14 20:16:22'),(1514,56,2,47,28,-1,'2024-08-14 20:16:27'),(1515,56,2,47,28,-1,'2024-08-14 20:16:32'),(1516,56,2,47,28,-1,'2024-08-14 20:16:37'),(1517,56,2,47,28,-1,'2024-08-14 20:17:05'),(1518,56,2,47,28,-1,'2024-08-14 20:17:15'),(1519,56,2,47,28,-1,'2024-08-14 20:17:20'),(1520,56,2,47,28,-1,'2024-08-14 20:17:25'),(1521,56,2,47,28,-1,'2024-08-14 20:17:30'),(1522,56,2,47,28,-1,'2024-08-14 20:17:35'),(1523,56,2,47,28,1,'2024-08-14 20:17:40'),(1524,56,2,47,28,1,'2024-08-14 20:17:45'),(1525,56,2,47,28,1,'2024-08-14 20:17:50'),(1526,56,2,47,28,1,'2024-08-14 20:17:55'),(1527,56,2,47,27,1,'2024-08-14 20:18:00'),(1528,56,2,47,27,1,'2024-08-14 20:18:05'),(1529,56,2,47,27,1,'2024-08-14 20:18:10'),(1530,56,2,47,27,1,'2024-08-14 20:18:15'),(1531,56,2,47,27,1,'2024-08-14 20:18:20'),(1532,56,2,47,28,1,'2024-08-14 20:18:25'),(1533,56,2,47,28,1,'2024-08-14 20:18:30'),(1534,56,2,47,28,1,'2024-08-14 20:18:35'),(1535,56,2,47,28,1,'2024-08-14 20:18:40'),(1536,56,2,47,28,1,'2024-08-14 20:18:45'),(1537,56,2,47,28,1,'2024-08-14 20:18:50'),(1538,56,2,47,28,1,'2024-08-14 20:18:57'),(1539,56,2,48,28,1,'2024-08-14 20:19:01'),(1540,56,2,48,28,0,'2024-08-14 20:19:16'),(1541,56,2,48,28,0,'2024-08-14 20:19:21'),(1542,56,2,48,28,0,'2024-08-14 20:19:26'),(1543,56,2,47,28,0,'2024-08-14 20:19:32'),(1544,56,2,47,27,0,'2024-08-14 20:19:38'),(1545,56,2,47,27,0,'2024-08-14 20:19:46'),(1546,56,2,47,26,0,'2024-08-14 20:19:51'),(1547,56,2,47,26,0,'2024-08-14 20:19:54'),(1548,56,2,48,25,0,'2024-08-14 20:20:14'),(1549,56,2,49,25,0,'2024-08-14 20:20:22'),(1550,56,2,49,25,0,'2024-08-14 20:20:26'),(1551,56,2,50,25,0,'2024-08-14 20:20:32'),(1552,56,2,50,25,0,'2024-08-14 20:20:36'),(1553,56,2,50,25,0,'2024-08-14 20:20:44'),(1554,56,2,50,25,0,'2024-08-14 20:20:49'),(1555,56,2,50,25,0,'2024-08-14 20:20:54'),(1556,56,2,49,25,0,'2024-08-14 20:21:01'),(1557,56,2,49,25,0,'2024-08-14 20:21:04'),(1558,56,2,49,25,0,'2024-08-14 20:21:09'),(1559,56,2,49,25,0,'2024-08-14 20:21:17'),(1560,56,2,49,25,0,'2024-08-14 20:21:21'),(1561,56,2,49,25,0,'2024-08-14 20:21:26'),(1562,56,2,49,25,0,'2024-08-14 20:21:32'),(1563,56,2,49,26,0,'2024-08-14 20:21:39'),(1564,56,2,49,26,0,'2024-08-14 20:21:46'),(1565,56,2,49,26,0,'2024-08-14 20:21:49'),(1566,56,2,49,26,0,'2024-08-14 20:21:56'),(1567,56,2,49,26,0,'2024-08-14 20:22:35'),(1568,56,2,49,26,0,'2024-08-14 20:22:39'),(1569,56,2,49,26,0,'2024-08-14 20:22:46'),(1570,56,2,49,26,0,'2024-08-14 20:22:53'),(1571,56,2,49,26,0,'2024-08-14 20:22:58'),(1572,56,2,49,26,0,'2024-08-14 20:23:37'),(1573,56,2,48,26,0,'2024-08-14 20:23:43'),(1574,56,2,48,26,0,'2024-08-14 20:23:47'),(1575,56,2,48,26,0,'2024-08-14 20:23:53'),(1576,56,2,48,26,0,'2024-08-14 20:23:58'),(1577,56,2,48,27,0,'2024-08-14 20:24:02'),(1578,56,2,48,27,0,'2024-08-14 20:24:09'),(1579,56,2,48,27,0,'2024-08-14 20:24:21'),(1580,56,2,48,27,0,'2024-08-14 20:24:24'),(1581,56,2,48,27,0,'2024-08-14 20:24:31'),(1582,56,2,48,27,0,'2024-08-14 20:24:37'),(1583,56,2,48,27,0,'2024-08-14 20:24:43'),(1584,56,2,48,27,0,'2024-08-14 20:24:49'),(1585,56,2,48,26,0,'2024-08-14 20:24:55'),(1586,56,2,48,26,0,'2024-08-14 20:25:02'),(1587,56,2,48,26,0,'2024-08-14 20:25:05'),(1588,56,2,48,26,0,'2024-08-14 20:25:11'),(1589,56,2,48,26,0,'2024-08-14 20:25:17'),(1590,56,2,48,26,0,'2024-08-14 20:25:21'),(1591,56,2,48,26,0,'2024-08-14 20:25:27'),(1592,56,2,49,26,0,'2024-08-14 20:25:32'),(1593,56,2,49,26,0,'2024-08-14 20:25:37'),(1594,56,2,49,26,0,'2024-08-14 20:25:42'),(1595,56,2,49,26,0,'2024-08-14 20:25:47'),(1596,56,2,49,26,0,'2024-08-14 20:25:52'),(1597,56,2,48,26,0,'2024-08-14 20:25:57'),(1598,56,2,48,25,0,'2024-08-14 20:26:02'),(1599,56,2,48,25,0,'2024-08-14 20:26:07'),(1600,56,2,48,24,0,'2024-08-14 20:26:12'),(1601,56,2,49,24,0,'2024-08-14 20:26:17'),(1602,56,2,49,24,0,'2024-08-14 20:26:24'),(1603,56,2,49,24,0,'2024-08-14 20:26:28'),(1604,56,2,49,24,0,'2024-08-14 20:26:34'),(1605,56,2,49,24,0,'2024-08-14 20:26:37'),(1606,56,2,49,24,0,'2024-08-14 20:26:41'),(1607,56,2,49,24,0,'2024-08-14 20:26:48'),(1608,56,2,49,24,0,'2024-08-14 20:26:52'),(1609,56,2,50,24,0,'2024-08-14 20:26:58'),(1610,56,2,50,24,0,'2024-08-14 20:27:01'),(1611,56,2,50,24,0,'2024-08-14 20:27:06'),(1612,56,2,50,25,0,'2024-08-14 20:27:14'),(1613,56,2,50,25,0,'2024-08-14 20:27:19'),(1614,56,2,50,25,0,'2024-08-14 20:27:24'),(1615,56,2,50,25,0,'2024-08-14 20:27:28'),(1616,56,2,50,26,0,'2024-08-14 20:27:37'),(1617,56,2,50,25,0,'2024-08-14 20:27:43'),(1618,56,2,50,25,0,'2024-08-14 20:27:48'),(1619,56,2,50,25,0,'2024-08-14 20:27:54'),(1620,56,2,50,25,0,'2024-08-14 20:28:02'),(1621,56,2,50,25,0,'2024-08-14 20:28:07'),(1622,56,2,49,26,0,'2024-08-14 20:28:13'),(1623,56,2,49,26,0,'2024-08-14 20:28:18'),(1624,56,2,49,26,0,'2024-08-14 20:28:24'),(1625,56,2,49,26,0,'2024-08-14 20:28:30'),(1626,56,2,49,26,0,'2024-08-14 20:28:34'),(1627,56,2,49,26,0,'2024-08-14 20:28:40'),(1628,56,2,49,26,0,'2024-08-14 20:28:47'),(1629,56,2,49,26,0,'2024-08-14 20:28:52'),(1630,56,2,49,26,0,'2024-08-14 20:28:58'),(1631,56,2,49,26,0,'2024-08-14 20:29:03'),(1632,56,2,49,26,0,'2024-08-14 20:29:11'),(1633,56,2,49,26,0,'2024-08-14 20:29:13'),(1634,56,2,49,26,0,'2024-08-14 20:29:18'),(1635,56,2,49,26,0,'2024-08-14 20:29:24'),(1636,56,2,49,26,0,'2024-08-14 20:29:30'),(1637,56,2,49,26,0,'2024-08-14 20:29:36'),(1638,56,2,49,27,0,'2024-08-14 20:29:45'),(1639,56,2,49,27,0,'2024-08-14 20:29:46'),(1640,56,2,49,27,0,'2024-08-14 20:29:52'),(1641,56,2,49,27,0,'2024-08-14 20:29:57'),(1642,56,2,48,27,0,'2024-08-14 20:30:04'),(1643,56,2,48,27,0,'2024-08-14 20:30:09'),(1644,56,2,48,27,0,'2024-08-14 20:30:14'),(1645,56,2,48,27,0,'2024-08-14 20:30:33'),(1646,56,2,48,27,0,'2024-08-14 20:30:38'),(1647,56,2,48,27,0,'2024-08-14 20:30:44'),(1648,56,2,48,27,0,'2024-08-14 20:30:50'),(1649,56,2,48,27,0,'2024-08-14 20:30:55'),(1650,56,2,48,27,0,'2024-08-14 20:31:00'),(1651,56,2,48,27,0,'2024-08-14 20:31:05'),(1652,56,2,48,27,0,'2024-08-14 20:31:09'),(1653,56,2,48,27,0,'2024-08-14 20:31:15'),(1654,56,2,48,27,0,'2024-08-14 20:31:19'),(1655,56,2,48,27,0,'2024-08-14 20:31:25'),(1656,56,2,48,27,0,'2024-08-14 20:31:30'),(1657,56,2,48,27,0,'2024-08-14 20:31:35'),(1658,56,2,48,27,0,'2024-08-14 20:31:41'),(1659,56,2,48,27,0,'2024-08-14 20:31:44'),(1660,56,2,48,27,0,'2024-08-14 20:31:49'),(1661,56,2,48,27,0,'2024-08-14 20:31:55'),(1662,56,2,48,27,0,'2024-08-14 20:32:00'),(1663,56,2,48,27,0,'2024-08-14 20:32:05'),(1664,56,2,48,27,0,'2024-08-14 20:32:10'),(1665,56,2,48,27,0,'2024-08-14 20:32:15'),(1666,56,2,48,27,0,'2024-08-14 20:32:20'),(1667,56,2,47,27,0,'2024-08-14 20:32:25'),(1668,56,2,47,27,0,'2024-08-14 20:32:31'),(1669,56,2,47,27,0,'2024-08-14 20:32:35'),(1670,56,2,47,27,0,'2024-08-14 20:32:41'),(1671,56,2,47,27,0,'2024-08-14 20:32:46'),(1672,56,2,47,27,0,'2024-08-14 20:32:49'),(1673,56,2,47,27,0,'2024-08-14 20:32:55'),(1674,56,2,47,27,0,'2024-08-14 20:32:59'),(1675,56,2,47,27,0,'2024-08-14 20:33:05'),(1676,56,2,47,27,0,'2024-08-14 20:33:09'),(1677,56,2,47,27,0,'2024-08-14 20:33:15'),(1678,56,2,47,27,0,'2024-08-14 20:33:21'),(1679,56,2,47,27,0,'2024-08-14 20:33:25'),(1680,56,2,47,27,0,'2024-08-14 20:33:31'),(1681,56,2,47,27,0,'2024-08-14 20:33:36'),(1682,56,2,47,27,0,'2024-08-14 20:33:41'),(1683,56,2,47,27,0,'2024-08-14 20:33:46'),(1684,56,2,47,27,0,'2024-08-14 20:33:50'),(1685,56,2,47,27,0,'2024-08-14 20:33:57'),(1686,56,2,47,27,0,'2024-08-14 20:34:02'),(1687,56,2,47,27,0,'2024-08-14 20:34:06'),(1688,56,2,47,27,0,'2024-08-14 20:34:11'),(1689,56,2,47,27,0,'2024-08-14 20:34:41'),(1690,56,2,47,27,0,'2024-08-14 20:34:46'),(1691,56,2,47,27,0,'2024-08-14 20:34:51'),(1692,56,2,47,27,0,'2024-08-14 20:34:56'),(1693,56,2,48,27,0,'2024-08-14 20:35:09'),(1694,56,2,48,27,0,'2024-08-14 20:35:12'),(1695,56,2,48,27,0,'2024-08-14 20:35:18'),(1696,56,2,48,27,0,'2024-08-14 20:35:23'),(1697,56,2,48,27,0,'2024-08-14 20:35:28'),(1698,56,2,47,27,0,'2024-08-14 20:35:33'),(1699,56,2,54,27,0,'2024-08-14 20:35:44'),(1700,56,2,58,27,0,'2024-08-14 20:35:49'),(1701,56,2,49,27,0,'2024-08-14 20:35:50'),(1702,56,2,60,27,1,'2024-08-14 20:35:54'),(1703,56,2,63,27,1,'2024-08-14 20:36:02'),(1704,56,2,64,28,1,'2024-08-14 20:36:06'),(1705,56,2,67,28,1,'2024-08-14 20:36:09'),(1706,56,2,69,28,1,'2024-08-14 20:36:14'),(1707,56,2,68,28,1,'2024-08-14 20:36:19'),(1708,56,2,69,28,1,'2024-08-14 20:36:24'),(1709,56,2,70,28,1,'2024-08-14 20:36:30'),(1710,56,2,71,28,1,'2024-08-14 20:36:34'),(1711,56,2,70,28,1,'2024-08-14 20:36:39'),(1712,56,2,68,29,1,'2024-08-14 20:36:44'),(1713,56,2,63,29,1,'2024-08-14 20:36:51'),(1714,56,2,61,29,1,'2024-08-14 20:36:55'),(1715,56,2,58,29,1,'2024-08-14 20:37:00'),(1716,56,2,57,29,1,'2024-08-14 20:37:04'),(1717,56,2,56,29,1,'2024-08-14 20:37:16'),(1718,56,2,53,29,1,'2024-08-14 20:37:19'),(1719,56,2,53,28,1,'2024-08-14 20:37:24'),(1720,56,2,52,28,1,'2024-08-14 20:37:31'),(1721,56,2,50,28,1,'2024-08-14 20:37:36'),(1722,56,2,51,28,1,'2024-08-14 20:37:42'),(1723,56,2,49,28,1,'2024-08-14 20:37:45'),(1724,56,2,49,28,1,'2024-08-14 20:37:50'),(1725,56,2,55,28,1,'2024-08-14 20:37:58'),(1726,56,2,58,28,1,'2024-08-14 20:38:04'),(1727,56,2,62,28,1,'2024-08-14 20:38:07'),(1728,56,2,64,28,1,'2024-08-14 20:38:11'),(1729,56,2,66,28,1,'2024-08-14 20:38:19'),(1730,56,2,68,29,1,'2024-08-14 20:38:28'),(1731,56,2,68,29,1,'2024-08-14 20:38:30'),(1732,56,2,69,29,1,'2024-08-14 20:38:35'),(1733,56,2,70,29,1,'2024-08-14 20:38:40'),(1734,56,2,71,29,1,'2024-08-14 20:38:45'),(1735,56,2,71,29,1,'2024-08-14 20:38:51'),(1736,56,2,71,29,1,'2024-08-14 20:38:56'),(1737,56,2,72,30,1,'2024-08-14 20:39:02'),(1738,56,2,72,30,1,'2024-08-14 20:39:10'),(1739,56,2,72,30,1,'2024-08-14 20:39:15'),(1740,56,2,72,30,1,'2024-08-14 20:39:22'),(1741,56,2,71,30,1,'2024-08-14 20:39:27'),(1742,56,2,65,30,-1,'2024-08-14 20:39:46'),(1743,56,2,61,30,-1,'2024-08-14 20:39:47'),(1744,56,2,57,30,-1,'2024-08-14 20:39:52'),(1745,56,2,56,30,-1,'2024-08-14 20:39:59'),(1746,56,2,54,30,-1,'2024-08-14 20:40:03'),(1747,56,2,53,30,-1,'2024-08-14 20:40:10'),(1748,56,2,52,30,-1,'2024-08-14 20:40:14'),(1749,56,2,51,30,-1,'2024-08-14 20:40:23'),(1750,56,2,50,30,-1,'2024-08-14 20:40:31'),(1751,56,2,48,29,-1,'2024-08-14 20:41:09'),(1752,56,2,48,29,-1,'2024-08-14 20:41:11'),(1753,56,2,48,29,-1,'2024-08-14 20:41:17'),(1754,56,2,48,29,-1,'2024-08-14 20:41:22'),(1755,56,2,48,29,-1,'2024-08-14 20:41:27'),(1756,56,2,48,29,-1,'2024-08-14 20:41:35'),(1757,56,2,48,29,-1,'2024-08-14 20:41:39'),(1758,56,2,48,29,1,'2024-08-14 20:41:47'),(1759,56,2,48,29,1,'2024-08-14 20:41:52'),(1760,56,2,48,29,1,'2024-08-14 20:41:57'),(1761,56,2,48,29,1,'2024-08-14 20:42:02'),(1762,56,2,48,29,1,'2024-08-14 20:42:12'),(1763,56,2,48,29,1,'2024-08-14 20:42:18'),(1764,56,2,47,29,1,'2024-08-14 20:42:24'),(1765,56,2,47,29,1,'2024-08-14 20:42:29'),(1766,56,2,47,29,1,'2024-08-14 20:42:32'),(1767,56,2,47,28,1,'2024-08-14 20:42:39'),(1768,56,2,47,28,1,'2024-08-14 20:42:45'),(1769,56,2,46,28,1,'2024-08-14 20:42:48'),(1770,56,2,46,28,1,'2024-08-14 20:42:53'),(1771,56,2,46,28,1,'2024-08-14 20:42:59'),(1772,56,2,46,28,1,'2024-08-14 20:43:03'),(1773,56,2,46,28,1,'2024-08-14 20:43:10'),(1774,56,2,46,28,1,'2024-08-14 20:43:16'),(1775,56,2,46,28,1,'2024-08-14 20:43:20'),(1776,56,2,46,28,1,'2024-08-14 20:43:24'),(1777,56,2,46,28,1,'2024-08-14 20:43:30'),(1778,56,2,46,28,1,'2024-08-14 20:43:37'),(1779,56,2,46,28,1,'2024-08-14 20:43:45'),(1780,56,2,45,28,1,'2024-08-14 20:43:48'),(1781,56,2,45,28,1,'2024-08-14 20:43:53'),(1782,56,2,45,28,1,'2024-08-14 20:43:59'),(1783,56,2,45,28,1,'2024-08-14 20:44:04'),(1784,56,2,45,28,1,'2024-08-14 20:44:10'),(1785,56,2,45,28,1,'2024-08-14 20:44:16'),(1786,56,2,45,28,1,'2024-08-14 20:44:20'),(1787,56,2,45,28,1,'2024-08-14 20:44:27'),(1788,56,2,45,28,1,'2024-08-14 20:44:32'),(1789,56,2,45,28,1,'2024-08-14 20:44:40'),(1790,56,2,45,28,1,'2024-08-14 20:44:45'),(1791,56,2,45,28,1,'2024-08-14 20:44:49'),(1792,56,2,45,28,1,'2024-08-14 20:44:56'),(1793,56,2,45,28,1,'2024-08-14 20:45:00'),(1794,56,2,45,28,1,'2024-08-14 20:45:06'),(1795,56,2,45,28,1,'2024-08-14 20:45:13'),(1796,56,2,45,28,1,'2024-08-14 20:45:17'),(1797,56,2,45,28,1,'2024-08-14 20:45:22'),(1798,56,2,45,28,1,'2024-08-14 20:45:30'),(1799,56,2,45,28,1,'2024-08-14 20:45:34'),(1800,56,2,45,28,1,'2024-08-14 20:45:41'),(1801,56,2,45,28,1,'2024-08-14 20:45:46'),(1802,56,2,45,28,1,'2024-08-14 20:45:51'),(1803,56,2,45,28,1,'2024-08-14 20:45:56'),(1804,56,2,45,28,1,'2024-08-14 20:46:00'),(1805,56,2,45,28,1,'2024-08-14 20:46:07'),(1806,56,2,45,28,1,'2024-08-14 20:46:12'),(1807,56,2,45,28,1,'2024-08-14 20:46:17'),(1808,56,2,45,28,1,'2024-08-14 20:46:22'),(1809,56,2,45,28,1,'2024-08-14 20:46:26'),(1810,56,2,45,28,1,'2024-08-14 20:46:30'),(1811,56,2,45,28,1,'2024-08-14 20:47:03'),(1812,56,2,45,28,1,'2024-08-14 20:47:08'),(1813,56,2,45,28,1,'2024-08-14 20:47:13'),(1814,56,2,45,28,1,'2024-08-14 20:47:17'),(1815,56,2,45,28,1,'2024-08-14 20:47:23'),(1816,56,2,46,28,1,'2024-08-14 20:47:27'),(1817,56,2,46,28,1,'2024-08-14 20:47:33'),(1818,56,2,46,28,1,'2024-08-14 20:47:37'),(1819,56,2,47,28,1,'2024-08-14 20:47:44'),(1820,56,2,48,28,1,'2024-08-14 20:47:48'),(1821,56,2,48,28,1,'2024-08-14 20:47:54'),(1822,56,2,48,28,1,'2024-08-14 20:47:59'),(1823,56,2,48,28,1,'2024-08-14 20:48:04'),(1824,56,2,48,28,1,'2024-08-14 20:48:09'),(1825,56,2,47,28,1,'2024-08-14 20:48:13'),(1826,56,2,47,28,1,'2024-08-14 20:48:19'),(1827,56,2,47,28,1,'2024-08-14 20:48:23'),(1828,56,2,47,28,1,'2024-08-14 20:48:28'),(1829,56,2,46,28,1,'2024-08-14 20:48:35'),(1830,56,2,46,28,1,'2024-08-14 20:48:41'),(1831,56,2,46,28,1,'2024-08-14 20:48:47'),(1832,56,2,46,28,1,'2024-08-14 20:48:52'),(1833,56,2,46,28,1,'2024-08-14 20:48:56'),(1834,56,2,46,28,1,'2024-08-14 20:49:01'),(1835,56,2,46,28,1,'2024-08-14 20:49:05'),(1836,56,2,46,28,1,'2024-08-14 20:49:13'),(1837,56,2,46,28,1,'2024-08-14 20:49:19'),(1838,56,2,46,28,1,'2024-08-14 20:49:23'),(1839,56,2,46,28,1,'2024-08-14 20:49:31'),(1840,56,2,46,28,1,'2024-08-14 20:49:37'),(1841,56,2,46,28,1,'2024-08-14 20:49:42'),(1842,56,2,46,28,1,'2024-08-14 20:49:47'),(1843,56,2,45,28,1,'2024-08-14 20:49:52'),(1844,56,2,45,28,1,'2024-08-14 20:49:57'),(1845,56,2,45,28,1,'2024-08-14 20:50:03'),(1846,56,2,45,28,1,'2024-08-14 20:50:08'),(1847,56,2,45,28,1,'2024-08-14 20:50:13'),(1848,56,2,45,28,1,'2024-08-14 20:50:19'),(1849,56,2,45,28,1,'2024-08-14 20:50:49'),(1850,56,2,45,28,1,'2024-08-14 20:50:54'),(1851,56,2,45,28,1,'2024-08-14 20:51:01'),(1852,56,2,45,28,1,'2024-08-14 20:51:06'),(1853,56,2,45,28,1,'2024-08-14 20:51:10'),(1854,56,2,45,28,1,'2024-08-14 20:51:15'),(1855,56,2,45,28,1,'2024-08-14 20:51:21'),(1856,56,2,45,28,1,'2024-08-14 20:51:26'),(1857,56,2,45,28,1,'2024-08-14 20:51:29'),(1858,56,2,46,28,1,'2024-08-14 20:51:35'),(1859,56,2,46,28,1,'2024-08-14 20:51:40'),(1860,56,2,46,28,1,'2024-08-14 20:51:46'),(1861,56,2,46,28,1,'2024-08-14 20:51:52'),(1862,56,2,46,28,1,'2024-08-14 20:51:54'),(1863,56,2,46,28,1,'2024-08-14 20:52:00'),(1864,56,2,45,28,1,'2024-08-14 20:52:04'),(1865,56,2,45,28,1,'2024-08-14 20:52:12'),(1866,56,2,45,28,1,'2024-08-14 20:52:16'),(1867,56,2,45,28,1,'2024-08-14 20:52:21'),(1868,56,2,46,28,1,'2024-08-14 20:52:26'),(1869,56,2,46,28,1,'2024-08-14 20:52:32'),(1870,56,2,46,28,1,'2024-08-14 20:52:40'),(1871,56,2,46,28,1,'2024-08-14 20:52:46'),(1872,56,2,46,28,1,'2024-08-14 21:33:31'),(1873,56,2,44,28,1,'2024-08-14 21:33:34'),(1874,56,2,44,28,1,'2024-08-14 21:33:42'),(1875,56,2,45,28,1,'2024-08-14 21:33:45'),(1876,56,2,45,28,1,'2024-08-14 21:33:51'),(1877,56,2,45,28,1,'2024-08-14 21:33:56'),(1878,56,2,46,28,1,'2024-08-14 21:34:01'),(1879,56,2,46,28,1,'2024-08-14 21:34:05'),(1880,56,2,46,28,1,'2024-08-14 21:34:12'),(1881,56,2,46,28,1,'2024-08-14 21:34:18'),(1882,56,2,46,28,1,'2024-08-14 21:34:23'),(1883,56,2,46,28,1,'2024-08-14 21:34:28'),(1884,56,2,46,28,1,'2024-08-14 21:34:34'),(1885,56,2,46,28,0,'2024-08-14 21:34:39'),(1886,56,2,46,28,0,'2024-08-14 21:34:44'),(1887,56,2,46,28,0,'2024-08-14 21:34:50'),(1888,56,2,46,28,0,'2024-08-14 21:34:55'),(1889,56,2,47,28,0,'2024-08-14 21:35:01'),(1890,56,2,47,28,0,'2024-08-14 21:35:06'),(1891,56,2,47,28,0,'2024-08-14 21:35:11'),(1892,56,2,47,28,0,'2024-08-14 21:35:16'),(1893,56,2,47,28,0,'2024-08-14 21:35:22'),(1894,56,2,47,28,0,'2024-08-14 21:35:27'),(1895,56,2,47,28,0,'2024-08-14 21:35:33'),(1896,56,2,47,28,0,'2024-08-14 21:35:37'),(1897,56,2,46,28,0,'2024-08-14 21:35:41'),(1898,56,2,46,28,0,'2024-08-14 21:35:48'),(1899,56,2,46,28,0,'2024-08-14 21:35:53'),(1900,56,2,46,28,0,'2024-08-14 21:35:57'),(1901,56,2,46,28,0,'2024-08-14 21:36:01'),(1902,56,2,45,28,0,'2024-08-14 21:36:08'),(1903,56,2,45,28,0,'2024-08-14 21:36:13'),(1904,56,2,45,28,0,'2024-08-14 21:36:19'),(1905,56,2,45,28,0,'2024-08-14 21:36:23'),(1906,56,2,45,28,0,'2024-08-14 21:36:27'),(1907,56,2,45,28,0,'2024-08-14 21:36:34'),(1908,56,2,45,28,0,'2024-08-14 21:36:38'),(1909,56,2,45,28,0,'2024-08-14 21:36:44'),(1910,56,2,45,28,0,'2024-08-14 21:36:47'),(1911,56,2,45,28,0,'2024-08-14 21:36:54'),(1912,56,2,45,28,0,'2024-08-14 21:36:57'),(1913,56,2,45,28,0,'2024-08-14 21:37:01'),(1914,56,2,45,28,0,'2024-08-14 21:37:09'),(1915,56,2,45,28,0,'2024-08-14 21:37:12'),(1916,56,2,45,28,0,'2024-08-14 21:37:19'),(1917,56,2,45,28,0,'2024-08-14 21:37:21'),(1918,56,2,45,28,0,'2024-08-14 21:37:26'),(1919,56,2,44,28,0,'2024-08-14 21:37:32'),(1920,56,2,44,28,0,'2024-08-14 21:37:38'),(1921,56,2,44,28,0,'2024-08-14 21:37:44'),(1922,56,2,44,28,0,'2024-08-14 21:37:51'),(1923,56,2,44,28,0,'2024-08-14 21:37:56'),(1924,56,2,44,28,0,'2024-08-14 21:38:01'),(1925,56,2,44,28,0,'2024-08-14 21:38:06'),(1926,56,2,44,28,0,'2024-08-14 21:38:11'),(1927,56,2,44,28,0,'2024-08-14 21:38:16'),(1928,56,2,44,28,0,'2024-08-14 21:38:20'),(1929,56,2,44,28,0,'2024-08-14 21:38:26'),(1930,56,2,44,28,0,'2024-08-14 21:38:31'),(1931,56,2,44,28,0,'2024-08-14 21:38:36'),(1932,56,2,44,28,0,'2024-08-14 21:38:40'),(1933,56,2,44,28,0,'2024-08-14 21:38:46'),(1934,56,2,44,28,0,'2024-08-14 21:38:51'),(1935,56,2,44,28,0,'2024-08-14 21:38:57'),(1936,56,2,44,28,0,'2024-08-14 21:39:02'),(1937,56,2,44,28,0,'2024-08-14 21:39:07'),(1938,56,2,44,28,0,'2024-08-14 21:39:11'),(1939,56,2,44,28,0,'2024-08-14 21:39:17'),(1940,56,2,44,28,0,'2024-08-14 21:39:21'),(1941,56,2,44,28,0,'2024-08-14 21:39:27'),(1942,56,2,44,28,0,'2024-08-14 21:39:34'),(1943,56,2,44,28,0,'2024-08-14 21:39:37'),(1944,56,2,44,28,0,'2024-08-14 21:39:44'),(1945,56,2,44,28,0,'2024-08-14 21:39:48'),(1946,56,2,44,28,0,'2024-08-14 21:39:54'),(1947,56,2,44,28,0,'2024-08-14 21:39:59'),(1948,56,2,44,28,0,'2024-08-14 21:40:07'),(1949,56,2,44,28,0,'2024-08-14 21:40:12'),(1950,56,2,44,28,0,'2024-08-14 21:40:17'),(1951,56,2,44,28,0,'2024-08-14 21:40:22'),(1952,56,2,44,28,0,'2024-08-14 21:40:28'),(1953,56,2,44,28,0,'2024-08-14 21:40:32'),(1954,56,2,44,28,0,'2024-08-14 21:40:37'),(1955,56,2,44,28,0,'2024-08-14 21:40:42'),(1956,56,2,44,28,0,'2024-08-14 21:40:48'),(1957,56,2,44,28,0,'2024-08-14 21:40:53'),(1958,56,2,44,28,0,'2024-08-14 21:40:58'),(1959,56,2,44,28,0,'2024-08-14 21:41:03'),(1960,56,2,44,28,0,'2024-08-14 21:41:07'),(1961,56,2,44,28,0,'2024-08-14 21:41:13'),(1962,56,2,44,28,0,'2024-08-14 21:41:18'),(1963,56,2,44,28,0,'2024-08-14 21:41:23'),(1964,56,2,44,28,0,'2024-08-14 21:41:28'),(1965,56,2,44,28,0,'2024-08-14 21:41:34'),(1966,56,2,44,28,0,'2024-08-14 21:41:39'),(1967,56,2,44,28,0,'2024-08-14 21:41:45'),(1968,56,2,44,28,0,'2024-08-14 21:41:49'),(1969,56,2,44,28,0,'2024-08-14 21:41:55'),(1970,56,2,44,28,0,'2024-08-14 21:42:00'),(1971,56,2,44,28,0,'2024-08-14 21:42:06'),(1972,56,2,44,28,0,'2024-08-14 21:42:11'),(1973,56,2,46,28,0,'2024-08-14 21:42:37'),(1974,56,2,47,28,0,'2024-08-14 21:42:42'),(1975,56,2,47,28,1,'2024-08-14 21:42:47'),(1976,56,2,47,28,1,'2024-08-14 21:42:52'),(1977,56,2,46,28,1,'2024-08-14 21:42:56'),(1978,56,2,46,28,1,'2024-08-14 21:43:01'),(1979,56,2,46,28,1,'2024-08-14 21:43:07'),(1980,56,2,45,28,1,'2024-08-14 21:43:17'),(1981,56,2,45,28,1,'2024-08-14 21:43:22'),(1982,56,2,45,28,1,'2024-08-14 21:43:26'),(1983,56,2,46,28,1,'2024-08-14 21:43:32'),(1984,56,2,46,28,1,'2024-08-14 21:43:38'),(1985,56,2,46,28,1,'2024-08-14 21:43:43'),(1986,56,2,46,28,1,'2024-08-14 21:43:48'),(1987,56,2,46,28,1,'2024-08-14 21:43:52'),(1988,56,2,46,28,1,'2024-08-14 21:43:58'),(1989,56,2,46,28,1,'2024-08-14 21:44:02'),(1990,56,2,92,29,1,'2024-08-15 14:50:43'),(1991,56,2,78,31,1,'2024-08-15 14:50:50'),(1992,56,2,78,31,1,'2024-08-15 14:50:54'),(1993,56,2,78,31,1,'2024-08-15 14:50:59'),(1994,56,2,78,31,1,'2024-08-15 14:51:05'),(1995,56,2,78,31,1,'2024-08-15 14:51:09'),(1996,56,2,78,31,1,'2024-08-15 14:51:16'),(1997,56,2,78,31,1,'2024-08-15 14:51:19'),(1998,56,2,78,31,1,'2024-08-15 14:51:25'),(1999,56,2,78,31,1,'2024-08-15 14:51:29'),(2000,56,2,78,31,1,'2024-08-15 14:51:35'),(2001,56,2,78,31,1,'2024-08-15 14:51:38'),(2002,56,2,78,31,1,'2024-08-15 14:51:44'),(2003,56,2,78,31,1,'2024-08-15 14:51:50'),(2004,56,2,78,31,1,'2024-08-15 14:51:55'),(2005,56,2,78,31,1,'2024-08-15 14:52:03'),(2006,56,2,78,31,1,'2024-08-15 14:52:07'),(2007,56,2,78,31,1,'2024-08-15 14:52:15'),(2008,56,2,78,31,1,'2024-08-15 14:52:20'),(2009,56,2,78,31,1,'2024-08-15 14:52:25'),(2010,56,2,78,31,1,'2024-08-15 14:52:29'),(2011,56,2,78,31,1,'2024-08-15 14:52:34'),(2012,56,2,77,31,1,'2024-08-15 14:52:38'),(2013,56,2,77,31,1,'2024-08-15 14:52:44'),(2014,56,2,77,31,1,'2024-08-15 14:52:49'),(2015,56,2,77,31,1,'2024-08-15 14:52:56'),(2016,56,2,77,31,1,'2024-08-15 14:53:04'),(2017,56,2,77,31,1,'2024-08-15 14:53:20'),(2018,56,2,77,31,1,'2024-08-15 14:53:23'),(2019,56,2,77,31,1,'2024-08-15 14:53:28'),(2020,56,2,77,31,1,'2024-08-15 14:53:33'),(2021,56,2,77,31,1,'2024-08-15 14:53:39'),(2022,56,2,77,31,1,'2024-08-15 14:53:44'),(2023,56,2,77,31,1,'2024-08-15 14:53:48'),(2024,56,2,77,31,1,'2024-08-15 14:53:54'),(2025,56,2,77,31,1,'2024-08-15 14:54:00'),(2026,56,2,76,31,1,'2024-08-15 14:54:08'),(2027,56,2,77,31,1,'2024-08-15 14:54:11'),(2028,56,2,77,31,1,'2024-08-15 14:54:16'),(2029,56,2,77,31,1,'2024-08-15 14:54:21'),(2030,56,2,77,31,1,'2024-08-15 14:54:27'),(2031,56,2,77,31,1,'2024-08-15 14:54:34'),(2032,56,2,76,31,1,'2024-08-15 14:54:39'),(2033,56,2,76,31,1,'2024-08-15 14:54:46'),(2034,56,2,76,31,1,'2024-08-15 14:54:50'),(2035,56,2,76,31,1,'2024-08-15 14:54:55'),(2036,56,2,76,31,1,'2024-08-15 14:55:02'),(2037,56,2,76,31,1,'2024-08-15 14:55:06'),(2038,56,2,76,31,1,'2024-08-15 14:55:14'),(2039,56,2,76,31,1,'2024-08-15 14:55:23'),(2040,56,2,76,31,1,'2024-08-15 14:55:27'),(2041,56,2,76,31,1,'2024-08-15 14:55:33'),(2042,56,2,76,31,1,'2024-08-15 14:55:38'),(2043,56,2,76,31,1,'2024-08-15 14:55:43'),(2044,56,2,76,31,1,'2024-08-15 14:55:48'),(2045,56,2,76,31,1,'2024-08-15 14:55:53'),(2046,56,2,75,31,1,'2024-08-15 14:55:58'),(2047,56,2,75,31,1,'2024-08-15 14:56:03'),(2048,56,2,75,31,1,'2024-08-15 14:56:08'),(2049,56,2,75,31,1,'2024-08-15 14:56:12'),(2050,56,2,75,31,1,'2024-08-15 14:56:19'),(2051,56,2,75,31,1,'2024-08-15 14:56:21'),(2052,56,2,75,31,1,'2024-08-15 14:56:28'),(2053,56,2,75,31,1,'2024-08-15 14:56:32'),(2054,56,2,75,31,1,'2024-08-15 14:56:37'),(2055,56,2,75,31,1,'2024-08-15 14:56:43'),(2056,56,2,75,31,1,'2024-08-15 14:56:49'),(2057,56,2,75,31,1,'2024-08-15 14:56:52'),(2058,56,2,75,31,1,'2024-08-15 14:56:56'),(2059,56,2,75,31,1,'2024-08-15 14:57:01'),(2060,56,2,75,31,1,'2024-08-15 14:57:08'),(2061,56,2,75,31,1,'2024-08-15 14:57:13'),(2062,56,2,75,31,1,'2024-08-15 14:57:17'),(2063,56,2,75,31,1,'2024-08-15 14:57:23'),(2064,56,2,75,31,1,'2024-08-15 14:57:27'),(2065,56,2,75,31,1,'2024-08-15 14:57:31'),(2066,56,2,75,31,1,'2024-08-15 14:57:37'),(2067,56,2,75,31,1,'2024-08-15 14:57:43'),(2068,56,2,75,31,1,'2024-08-15 14:57:48'),(2069,56,2,75,31,1,'2024-08-15 14:57:53'),(2070,56,2,75,31,1,'2024-08-15 14:57:57'),(2071,56,2,75,31,1,'2024-08-15 14:58:03'),(2072,56,2,75,31,1,'2024-08-15 14:58:07'),(2073,56,2,75,31,1,'2024-08-15 14:58:13'),(2074,56,2,75,31,1,'2024-08-15 14:58:19'),(2075,56,2,75,31,1,'2024-08-15 14:58:25'),(2076,56,2,75,31,1,'2024-08-15 14:58:30'),(2077,56,2,75,31,1,'2024-08-15 14:58:34'),(2078,56,2,75,31,1,'2024-08-15 14:58:39'),(2079,56,2,75,31,1,'2024-08-15 14:58:45'),(2080,56,2,75,31,1,'2024-08-15 14:58:50'),(2081,56,2,75,31,1,'2024-08-15 14:58:56'),(2082,56,2,75,31,1,'2024-08-15 14:59:00'),(2083,56,2,75,31,1,'2024-08-15 14:59:04'),(2084,56,2,75,31,1,'2024-08-15 14:59:10'),(2085,56,2,75,31,1,'2024-08-15 14:59:14'),(2086,56,2,75,31,1,'2024-08-15 14:59:20'),(2087,56,2,75,31,1,'2024-08-15 14:59:26'),(2088,56,2,75,31,1,'2024-08-15 14:59:30'),(2089,56,2,75,31,1,'2024-08-15 14:59:35'),(2090,56,2,75,31,1,'2024-08-15 14:59:40'),(2091,56,2,75,31,1,'2024-08-15 14:59:45'),(2092,56,2,75,31,1,'2024-08-15 14:59:50'),(2093,56,2,75,31,1,'2024-08-15 14:59:55'),(2094,56,2,75,31,1,'2024-08-15 15:00:00'),(2095,56,2,75,31,1,'2024-08-15 15:00:07'),(2096,56,2,75,31,1,'2024-08-15 15:00:14'),(2097,56,2,75,31,1,'2024-08-15 15:00:19'),(2098,56,2,75,31,1,'2024-08-15 15:00:24'),(2099,56,2,75,31,1,'2024-08-15 15:00:32'),(2100,56,2,75,31,1,'2024-08-15 15:00:37'),(2101,56,2,75,31,1,'2024-08-15 15:00:40'),(2102,56,2,75,31,1,'2024-08-15 15:00:46'),(2103,56,2,75,31,1,'2024-08-15 15:00:50'),(2104,56,2,75,31,1,'2024-08-15 15:00:56'),(2105,56,2,75,31,1,'2024-08-15 15:01:01'),(2106,56,2,75,31,1,'2024-08-15 15:01:06'),(2107,56,2,75,31,1,'2024-08-15 15:01:11'),(2108,56,2,75,31,1,'2024-08-15 15:01:16'),(2109,56,2,75,31,1,'2024-08-15 15:01:23'),(2110,56,2,75,31,1,'2024-08-15 15:01:27'),(2111,56,2,75,31,1,'2024-08-15 15:01:32'),(2112,56,2,75,31,1,'2024-08-15 15:01:38'),(2113,56,2,75,31,1,'2024-08-15 15:01:42'),(2114,56,2,75,31,1,'2024-08-15 15:01:47'),(2115,56,2,75,31,1,'2024-08-15 15:01:52'),(2116,56,2,75,31,1,'2024-08-15 15:01:57'),(2117,56,2,75,31,1,'2024-08-15 15:02:02'),(2118,56,2,75,31,1,'2024-08-15 15:02:08'),(2119,56,2,75,31,1,'2024-08-15 15:02:12'),(2120,56,2,75,31,1,'2024-08-15 15:02:15'),(2121,56,2,75,31,1,'2024-08-15 15:02:20'),(2122,56,2,75,31,1,'2024-08-15 15:02:28'),(2123,56,2,75,31,1,'2024-08-15 15:02:32'),(2124,56,2,75,31,1,'2024-08-15 15:02:36'),(2125,56,2,75,31,1,'2024-08-15 15:02:42'),(2126,56,2,75,31,1,'2024-08-15 15:02:47'),(2127,56,2,75,31,1,'2024-08-15 15:02:52'),(2128,56,2,75,31,1,'2024-08-15 15:03:00'),(2129,56,2,75,31,1,'2024-08-15 15:03:06'),(2130,56,2,75,31,1,'2024-08-15 15:03:10'),(2131,56,2,75,31,1,'2024-08-15 15:03:14'),(2132,56,2,75,31,1,'2024-08-15 15:03:18'),(2133,56,2,75,31,1,'2024-08-15 15:03:26'),(2134,56,2,75,31,1,'2024-08-15 15:03:30'),(2135,56,2,75,31,1,'2024-08-15 15:03:36'),(2136,56,2,75,31,1,'2024-08-15 15:03:41'),(2137,56,2,75,31,1,'2024-08-15 15:03:45'),(2138,56,2,75,31,1,'2024-08-15 15:03:51'),(2139,56,2,75,31,1,'2024-08-15 15:03:55'),(2140,56,2,75,31,1,'2024-08-15 15:04:03'),(2141,56,2,75,31,1,'2024-08-15 15:04:07'),(2142,56,2,75,31,1,'2024-08-15 15:04:12'),(2143,56,2,75,31,1,'2024-08-15 15:04:18'),(2144,56,2,75,31,1,'2024-08-15 15:04:24'),(2145,56,2,75,31,1,'2024-08-15 15:04:28'),(2146,56,2,75,31,1,'2024-08-15 15:04:33'),(2147,56,2,75,31,1,'2024-08-15 15:04:39'),(2148,56,2,75,31,1,'2024-08-15 15:04:42'),(2149,56,2,75,31,1,'2024-08-15 15:04:47'),(2150,56,2,75,31,1,'2024-08-15 15:04:52'),(2151,56,2,75,31,1,'2024-08-15 15:05:02'),(2152,56,2,75,31,1,'2024-08-15 15:05:07'),(2153,56,2,75,31,1,'2024-08-15 15:05:12'),(2154,56,2,75,31,1,'2024-08-15 15:05:18'),(2155,56,2,75,31,1,'2024-08-15 15:05:23'),(2156,56,2,75,31,1,'2024-08-15 15:05:28'),(2157,56,2,75,31,1,'2024-08-15 15:05:34'),(2158,56,2,75,31,1,'2024-08-15 15:05:37'),(2159,56,2,75,31,1,'2024-08-15 15:05:43'),(2160,56,2,75,31,1,'2024-08-15 15:05:48'),(2161,56,2,75,31,1,'2024-08-15 15:05:53'),(2162,56,2,75,31,1,'2024-08-15 15:06:00'),(2163,56,2,75,31,1,'2024-08-15 15:06:04'),(2164,56,2,75,31,1,'2024-08-15 15:06:14'),(2165,56,2,75,31,1,'2024-08-15 15:06:14'),(2166,56,2,75,31,1,'2024-08-15 15:06:21'),(2167,56,2,75,31,1,'2024-08-15 15:06:27'),(2168,56,2,75,31,1,'2024-08-15 15:06:31'),(2169,56,2,75,31,1,'2024-08-15 15:06:36'),(2170,56,2,75,31,1,'2024-08-15 15:06:40'),(2171,56,2,75,31,1,'2024-08-15 15:06:46'),(2172,56,2,75,31,1,'2024-08-15 15:06:52'),(2173,56,2,75,31,1,'2024-08-15 15:06:55'),(2174,56,2,75,31,1,'2024-08-15 15:07:05'),(2175,56,2,75,31,1,'2024-08-15 15:07:08'),(2176,56,2,75,31,1,'2024-08-15 15:07:14'),(2177,56,2,75,31,1,'2024-08-15 15:07:19'),(2178,56,2,75,31,1,'2024-08-15 15:07:23'),(2179,56,2,75,31,1,'2024-08-15 15:07:36'),(2180,56,2,75,31,1,'2024-08-15 15:07:41'),(2181,56,2,75,31,1,'2024-08-15 15:07:43'),(2182,56,2,75,31,1,'2024-08-15 15:07:49'),(2183,56,2,75,31,1,'2024-08-15 15:07:54'),(2184,56,2,75,31,1,'2024-08-15 15:08:00'),(2185,56,2,75,31,1,'2024-08-15 15:08:04'),(2186,56,2,75,31,1,'2024-08-15 15:08:12'),(2187,56,2,75,31,1,'2024-08-15 15:08:17'),(2188,56,2,75,31,1,'2024-08-15 15:08:23'),(2189,56,2,75,31,1,'2024-08-15 15:08:27'),(2190,56,2,75,31,1,'2024-08-15 15:08:35'),(2191,56,2,75,31,1,'2024-08-15 15:08:39'),(2192,56,2,75,31,1,'2024-08-15 15:08:43'),(2193,56,2,75,31,1,'2024-08-15 15:08:50'),(2194,56,2,75,31,1,'2024-08-15 15:08:58'),(2195,56,2,75,31,1,'2024-08-15 15:09:04'),(2196,56,2,75,31,1,'2024-08-15 15:09:10'),(2197,56,2,75,31,1,'2024-08-15 15:09:16'),(2198,56,2,75,31,1,'2024-08-15 15:09:20'),(2199,56,2,75,31,1,'2024-08-15 15:09:26'),(2200,56,2,75,31,1,'2024-08-15 15:09:32'),(2201,56,2,75,31,1,'2024-08-15 15:09:37'),(2202,56,2,75,31,1,'2024-08-15 15:09:41'),(2203,56,2,75,31,1,'2024-08-15 15:09:46'),(2204,56,2,75,31,1,'2024-08-15 15:09:56'),(2205,56,2,75,31,1,'2024-08-15 15:09:59'),(2206,56,2,75,31,1,'2024-08-15 15:10:03'),(2207,56,2,75,31,1,'2024-08-15 15:10:08'),(2208,56,2,75,31,1,'2024-08-15 15:10:13'),(2209,56,2,75,31,1,'2024-08-15 15:10:18'),(2210,56,2,75,31,1,'2024-08-15 15:10:23'),(2211,56,2,75,31,1,'2024-08-15 15:10:28'),(2212,56,2,75,31,1,'2024-08-15 15:10:33'),(2213,56,2,75,31,1,'2024-08-15 15:10:37'),(2214,56,2,75,31,1,'2024-08-15 15:10:42'),(2215,56,2,75,31,1,'2024-08-15 15:10:48'),(2216,56,2,75,31,1,'2024-08-15 15:10:53'),(2217,56,2,75,31,1,'2024-08-15 15:10:58'),(2218,56,2,75,31,1,'2024-08-15 15:11:01'),(2219,56,2,75,31,1,'2024-08-15 15:11:08'),(2220,56,2,75,31,1,'2024-08-15 15:11:12'),(2221,56,2,75,31,1,'2024-08-15 15:11:18'),(2222,56,2,75,31,1,'2024-08-15 15:11:24'),(2223,56,2,75,31,1,'2024-08-15 15:11:29'),(2224,56,2,75,31,1,'2024-08-15 15:11:34'),(2225,56,2,75,31,1,'2024-08-15 15:11:38'),(2226,56,2,75,31,1,'2024-08-15 15:11:43'),(2227,56,2,75,31,1,'2024-08-15 15:11:49'),(2228,56,2,75,31,1,'2024-08-15 15:11:54'),(2229,56,2,75,31,1,'2024-08-15 15:11:58'),(2230,56,2,75,31,1,'2024-08-15 15:12:02'),(2231,56,2,75,31,1,'2024-08-15 15:12:09'),(2232,56,2,75,31,1,'2024-08-15 15:12:15'),(2233,56,2,75,31,1,'2024-08-15 15:12:20'),(2234,56,2,75,31,1,'2024-08-15 15:12:26'),(2235,56,2,75,31,1,'2024-08-15 15:12:33'),(2236,56,2,75,31,1,'2024-08-15 15:12:38'),(2237,56,2,75,31,1,'2024-08-15 15:12:42'),(2238,56,2,75,31,1,'2024-08-15 15:12:48'),(2239,56,2,75,31,1,'2024-08-15 15:13:02'),(2240,56,2,75,31,1,'2024-08-15 15:13:06'),(2241,56,2,76,31,1,'2024-08-15 15:13:43'),(2242,56,2,76,31,1,'2024-08-15 15:13:46'),(2243,56,2,75,31,1,'2024-08-15 15:13:52'),(2244,56,2,76,31,1,'2024-08-15 15:13:59'),(2245,56,2,76,31,1,'2024-08-15 15:14:07'),(2246,56,2,76,31,1,'2024-08-15 15:14:12'),(2247,56,2,76,31,1,'2024-08-15 15:14:18'),(2248,56,2,76,31,1,'2024-08-15 15:14:24'),(2249,56,2,76,31,1,'2024-08-15 15:14:28'),(2250,56,2,76,31,1,'2024-08-15 15:14:32'),(2251,56,2,76,31,1,'2024-08-15 15:14:38'),(2252,56,2,76,31,1,'2024-08-15 15:14:44'),(2253,56,2,76,31,1,'2024-08-15 15:14:49'),(2254,56,2,76,31,1,'2024-08-15 15:14:57'),(2255,56,2,76,31,1,'2024-08-15 15:15:01'),(2256,56,2,77,31,1,'2024-08-15 15:15:07'),(2257,56,2,77,31,1,'2024-08-15 15:15:12'),(2258,56,2,77,31,1,'2024-08-15 15:15:17'),(2259,56,2,77,31,1,'2024-08-15 15:15:24'),(2260,56,2,76,31,1,'2024-08-15 15:15:29'),(2261,56,2,76,31,1,'2024-08-15 15:15:32'),(2262,56,2,76,31,1,'2024-08-15 15:15:38'),(2263,56,2,76,31,1,'2024-08-15 15:15:44'),(2264,56,2,76,31,1,'2024-08-15 15:15:49'),(2265,56,2,76,31,1,'2024-08-15 15:15:52'),(2266,56,2,76,31,1,'2024-08-15 15:15:59'),(2267,56,2,76,31,1,'2024-08-15 15:16:04'),(2268,56,2,76,31,1,'2024-08-15 15:16:09'),(2269,56,2,76,31,1,'2024-08-15 15:16:12'),(2270,56,2,76,31,1,'2024-08-15 15:16:19'),(2271,56,2,76,31,1,'2024-08-15 15:16:25'),(2272,56,2,75,31,1,'2024-08-15 15:16:29'),(2273,56,2,75,31,1,'2024-08-15 15:16:33'),(2274,56,2,75,31,1,'2024-08-15 15:16:39'),(2275,56,2,75,31,1,'2024-08-15 15:16:44'),(2276,56,2,75,31,1,'2024-08-15 15:16:49'),(2277,56,2,75,32,1,'2024-08-15 15:16:54'),(2278,56,2,75,32,1,'2024-08-15 15:17:02'),(2279,56,2,75,32,1,'2024-08-15 15:17:05'),(2280,56,2,75,32,1,'2024-08-15 15:17:11'),(2281,56,2,75,32,1,'2024-08-15 15:17:18'),(2282,56,2,75,32,1,'2024-08-15 15:17:23'),(2283,56,2,75,32,1,'2024-08-15 15:17:28'),(2284,56,2,75,32,1,'2024-08-15 15:17:34'),(2285,56,2,75,31,1,'2024-08-15 15:17:39'),(2286,56,2,76,32,1,'2024-08-15 15:18:10'),(2287,56,2,75,31,1,'2024-08-15 15:18:14'),(2288,56,2,76,31,1,'2024-08-15 15:18:20'),(2289,56,2,76,31,1,'2024-08-15 15:18:24'),(2290,56,2,76,32,1,'2024-08-15 15:18:29'),(2291,56,2,76,32,1,'2024-08-15 15:18:33'),(2292,56,2,76,32,1,'2024-08-15 15:19:02'),(2293,56,2,76,32,1,'2024-08-15 15:19:07'),(2294,56,2,76,32,1,'2024-08-15 15:19:12'),(2295,56,2,76,32,1,'2024-08-15 15:19:17'),(2296,56,2,76,32,1,'2024-08-15 15:19:28'),(2297,56,2,76,32,1,'2024-08-15 15:19:33'),(2298,56,2,76,32,1,'2024-08-15 15:19:38'),(2299,56,2,76,32,1,'2024-08-15 15:19:42'),(2300,56,2,76,32,1,'2024-08-15 15:19:48'),(2301,56,2,76,32,1,'2024-08-15 15:19:53'),(2302,56,2,76,32,1,'2024-08-15 15:19:58'),(2303,56,2,76,32,1,'2024-08-15 15:20:06'),(2304,56,2,76,32,1,'2024-08-15 15:20:09'),(2305,56,2,75,32,1,'2024-08-15 15:20:15'),(2306,56,2,75,32,1,'2024-08-15 15:20:20'),(2307,56,2,75,32,1,'2024-08-15 15:20:25'),(2308,56,2,75,32,1,'2024-08-15 15:20:29'),(2309,56,2,75,32,1,'2024-08-15 15:20:35'),(2310,56,2,75,32,1,'2024-08-15 15:20:39'),(2311,56,2,75,32,1,'2024-08-15 15:20:44'),(2312,56,2,75,32,1,'2024-08-15 15:20:49'),(2313,56,2,75,32,1,'2024-08-15 15:20:54'),(2314,56,2,75,32,1,'2024-08-15 15:20:58'),(2315,56,2,75,32,1,'2024-08-15 15:21:04'),(2316,56,2,75,31,1,'2024-08-15 15:21:10'),(2317,56,2,75,31,1,'2024-08-15 15:21:15'),(2318,56,2,75,31,1,'2024-08-15 15:21:25'),(2319,56,2,75,31,1,'2024-08-15 15:21:28'),(2320,56,2,75,31,1,'2024-08-15 15:21:35'),(2321,56,2,75,31,1,'2024-08-15 15:21:40'),(2322,56,2,75,31,1,'2024-08-15 15:21:45'),(2323,56,2,75,31,1,'2024-08-15 15:21:50'),(2324,56,2,75,31,1,'2024-08-15 15:21:57'),(2325,56,2,75,31,1,'2024-08-15 15:22:01'),(2326,56,2,75,31,1,'2024-08-15 15:22:06'),(2327,56,2,75,31,1,'2024-08-15 15:22:10'),(2328,56,2,75,31,1,'2024-08-15 15:22:17'),(2329,56,2,78,26,1,'2024-08-15 17:00:32'),(2330,56,2,83,28,1,'2024-08-15 17:00:34'),(2331,56,2,83,28,1,'2024-08-15 17:00:42'),(2332,56,2,82,28,1,'2024-08-15 17:00:48'),(2333,56,2,82,28,1,'2024-08-15 17:00:53'),(2334,56,2,82,28,1,'2024-08-15 17:00:58'),(2335,56,2,82,28,1,'2024-08-15 17:01:01'),(2336,56,2,82,28,1,'2024-08-15 17:01:06'),(2337,56,2,82,28,1,'2024-08-15 17:01:11'),(2338,56,2,82,28,1,'2024-08-15 17:01:19'),(2339,56,2,82,28,1,'2024-08-15 17:01:24'),(2340,56,2,82,28,1,'2024-08-15 17:01:27'),(2341,56,2,82,28,0,'2024-08-15 17:01:35'),(2342,56,2,82,29,0,'2024-08-15 17:01:38'),(2343,56,2,82,29,0,'2024-08-15 17:01:45'),(2344,56,2,82,29,0,'2024-08-15 17:01:51'),(2345,56,2,82,29,0,'2024-08-15 17:01:56'),(2346,56,2,82,29,0,'2024-08-15 17:01:59');

UNLOCK TABLES;

/*Table structure for table `tbl_horario` */

DROP TABLE IF EXISTS `tbl_horario`;

CREATE TABLE `tbl_horario` (
  `Id_horario` int(11) NOT NULL AUTO_INCREMENT,
  `Id_aula` int(11) DEFAULT NULL,
  `Id_Dia` int(11) DEFAULT NULL,
  `Id_Horas` int(11) DEFAULT NULL,
  PRIMARY KEY (`Id_horario`),
  KEY `Id_aula` (`Id_aula`),
  KEY `Id_Dia` (`Id_Dia`),
  KEY `Id_Horas` (`Id_Horas`),
  CONSTRAINT `tbl_horario_ibfk_1` FOREIGN KEY (`Id_aula`) REFERENCES `tbl_aulas` (`Id_aula`),
  CONSTRAINT `tbl_horario_ibfk_2` FOREIGN KEY (`Id_Dia`) REFERENCES `tbl_dias` (`Id_dias`),
  CONSTRAINT `tbl_horario_ibfk_3` FOREIGN KEY (`Id_Horas`) REFERENCES `tbl_horas` (`Id_horas`)
) ENGINE=InnoDB AUTO_INCREMENT=47 DEFAULT CHARSET=utf8mb4 COLLATE=utf8mb4_general_ci;

/*Data for the table `tbl_horario` */

LOCK TABLES `tbl_horario` WRITE;

insert  into `tbl_horario`(`Id_horario`,`Id_aula`,`Id_Dia`,`Id_Horas`) values (43,38,5,3),(44,38,5,4);

UNLOCK TABLES;

/*Table structure for table `tbl_horas` */

DROP TABLE IF EXISTS `tbl_horas`;

CREATE TABLE `tbl_horas` (
  `Id_horas` int(11) NOT NULL AUTO_INCREMENT,
  `Horas` varchar(10) DEFAULT NULL,
  `Hora_inicio` time DEFAULT NULL,
  `Hora_fin` time DEFAULT NULL,
  PRIMARY KEY (`Id_horas`),
  UNIQUE KEY `Horas` (`Horas`)
) ENGINE=InnoDB AUTO_INCREMENT=26 DEFAULT CHARSET=utf8mb4 COLLATE=utf8mb4_general_ci;

/*Data for the table `tbl_horas` */

LOCK TABLES `tbl_horas` WRITE;

insert  into `tbl_horas`(`Id_horas`,`Horas`,`Hora_inicio`,`Hora_fin`) values (1,'H0','00:00:00','01:00:00'),(2,'H1','01:00:00','02:00:00'),(3,'H10','10:00:00','11:00:00'),(4,'H11','11:00:00','12:00:00'),(5,'H12','12:00:00','13:00:00'),(6,'H13','13:00:00','14:00:00'),(7,'H14','14:00:00','15:00:00'),(8,'H15','15:00:00','16:00:00'),(9,'H16','16:00:00','17:00:00'),(10,'H17','17:00:00','18:00:00'),(11,'H18','18:00:00','19:00:00'),(12,'H19','19:00:00','20:00:00'),(13,'H2','02:00:00','03:00:00'),(14,'H20','20:00:00','21:00:00'),(15,'H21','21:00:00','22:00:00'),(16,'H22','22:00:00','23:00:00'),(17,'H23','23:00:00','24:00:00'),(18,'H24','24:00:00','00:00:00'),(19,'H3','03:00:00','04:00:00'),(20,'H4','04:00:00','05:00:00'),(21,'H5','05:00:00','06:00:00'),(22,'H6','06:00:00','07:00:00'),(23,'H7','07:00:00','08:00:00'),(24,'H8','08:00:00','09:00:00'),(25,'H9','09:00:00','10:00:00');

UNLOCK TABLES;

/*Table structure for table `tbl_iot` */

DROP TABLE IF EXISTS `tbl_iot`;

CREATE TABLE `tbl_iot` (
  `Id_iot` int(11) NOT NULL AUTO_INCREMENT,
  `Alias_iot` varchar(50) DEFAULT NULL,
  `Mac_dispositivo` varchar(50) DEFAULT NULL,
  `Presencia_personas` int(11) DEFAULT NULL,
  `Humedad_value` int(11) DEFAULT NULL,
  `Temperatura_value` int(11) DEFAULT NULL,
  `Estado_clima` tinyint(1) DEFAULT NULL,
  PRIMARY KEY (`Id_iot`)
) ENGINE=InnoDB AUTO_INCREMENT=65 DEFAULT CHARSET=utf8mb4 COLLATE=utf8mb4_general_ci;

/*Data for the table `tbl_iot` */

LOCK TABLES `tbl_iot` WRITE;

insert  into `tbl_iot`(`Id_iot`,`Alias_iot`,`Mac_dispositivo`,`Presencia_personas`,`Humedad_value`,`Temperatura_value`,`Estado_clima`) values (1,'PlacaA','00:14:33:01:23:45',1,45,999,0),(2,'PlacaB','00:14:22:01:23:46',0,50,23,0),(3,'PlacaC','00:14:22:01:23:47',1,55,21,0),(4,'PlacaAA','00:14:33:01:23:47',1,34,12,0),(6,'PlacaASD','00:15:22:01:23:99',1,44,55,0),(7,'PlacaER','00:15:22:01:23:999',1,1,1,0),(8,'PlacaQW','00:15:22:01:23:9999',1,1,1,0),(55,'PlacaK3-1','08:B6:1F:37:C2:C8',2,82,28,0),(57,'PlacaK3-2','D4:8A:FC:A5:70:84',0,0,0,0);

UNLOCK TABLES;

/*Table structure for table `tbl_marca` */

DROP TABLE IF EXISTS `tbl_marca`;

CREATE TABLE `tbl_marca` (
  `Id_marca` int(11) NOT NULL AUTO_INCREMENT,
  `Nombre_marca` varchar(50) DEFAULT NULL,
  PRIMARY KEY (`Id_marca`)
) ENGINE=InnoDB AUTO_INCREMENT=16 DEFAULT CHARSET=utf8mb4 COLLATE=utf8mb4_general_ci;

/*Data for the table `tbl_marca` */

LOCK TABLES `tbl_marca` WRITE;

insert  into `tbl_marca`(`Id_marca`,`Nombre_marca`) values (2,'LENNOX'),(3,'SAMSUNG'),(14,'YORK'),(15,'MIRAGE');

UNLOCK TABLES;

/*Table structure for table `tbl_perfiles` */

DROP TABLE IF EXISTS `tbl_perfiles`;

CREATE TABLE `tbl_perfiles` (
  `Id_perfil` int(11) NOT NULL AUTO_INCREMENT,
  `perfil` varchar(50) DEFAULT NULL,
  PRIMARY KEY (`Id_perfil`),
  UNIQUE KEY `Tipo_de_rol` (`perfil`)
) ENGINE=InnoDB AUTO_INCREMENT=3 DEFAULT CHARSET=utf8mb4 COLLATE=utf8mb4_general_ci;

/*Data for the table `tbl_perfiles` */

LOCK TABLES `tbl_perfiles` WRITE;

insert  into `tbl_perfiles`(`Id_perfil`,`perfil`) values (1,'Administrador'),(2,'Usuario');

UNLOCK TABLES;

/*Table structure for table `tbl_permisos` */

DROP TABLE IF EXISTS `tbl_permisos`;

CREATE TABLE `tbl_permisos` (
  `Id_permiso` int(11) NOT NULL AUTO_INCREMENT,
  `Id_clave_trabajador` int(11) NOT NULL,
  `Id_clima` int(11) NOT NULL,
  PRIMARY KEY (`Id_permiso`),
  KEY `Id_clave_trabajador` (`Id_clave_trabajador`),
  KEY `Id_clima` (`Id_clima`),
  CONSTRAINT `tbl_permisos_ibfk_1` FOREIGN KEY (`Id_clave_trabajador`) REFERENCES `tbl_trabajadores` (`Id_clave_trabajador`),
  CONSTRAINT `tbl_permisos_ibfk_2` FOREIGN KEY (`Id_clima`) REFERENCES `tbl_climas` (`Id_clima`)
) ENGINE=InnoDB AUTO_INCREMENT=12 DEFAULT CHARSET=utf8mb4 COLLATE=utf8mb4_general_ci;

/*Data for the table `tbl_permisos` */

LOCK TABLES `tbl_permisos` WRITE;

insert  into `tbl_permisos`(`Id_permiso`,`Id_clave_trabajador`,`Id_clima`) values (10,32,32);

UNLOCK TABLES;

/*Table structure for table `tbl_preguntas` */

DROP TABLE IF EXISTS `tbl_preguntas`;

CREATE TABLE `tbl_preguntas` (
  `Id_pregunta` int(11) NOT NULL AUTO_INCREMENT,
  `Pregunta` varchar(255) NOT NULL,
  PRIMARY KEY (`Id_pregunta`)
) ENGINE=InnoDB AUTO_INCREMENT=9 DEFAULT CHARSET=utf8mb4 COLLATE=utf8mb4_general_ci;

/*Data for the table `tbl_preguntas` */

LOCK TABLES `tbl_preguntas` WRITE;

insert  into `tbl_preguntas`(`Id_pregunta`,`Pregunta`) values (4,'Cul es el nombre de tu primera mascota?'),(5,'Cul es el nombre de tu mejor amigo/a de la infancia?'),(6,'Cul es el nombre de tu escuela primaria?'),(7,'En qu ciudad naciste?'),(8,'Cul es el nombre de tu pelcula favorita?');

UNLOCK TABLES;

/*Table structure for table `tbl_reporte_usuario` */

DROP TABLE IF EXISTS `tbl_reporte_usuario`;

CREATE TABLE `tbl_reporte_usuario` (
  `Id_reporte_usuario` int(11) NOT NULL AUTO_INCREMENT,
  `Id_aula` int(11) DEFAULT NULL,
  `Id_Clave_trabajador` int(11) DEFAULT NULL,
  `Fecha_solicitud` date DEFAULT NULL,
  `Fecha_finalizacion` date DEFAULT NULL,
  `Descripcion` varchar(50) DEFAULT NULL,
  `Id_tipo_reporte` int(11) DEFAULT NULL,
  PRIMARY KEY (`Id_reporte_usuario`),
  KEY `Id_aula` (`Id_aula`),
  KEY `Id_tipo_reporte` (`Id_tipo_reporte`),
  KEY `Id_Clave_trabajador` (`Id_Clave_trabajador`),
  CONSTRAINT `tbl_reporte_usuario_ibfk_1` FOREIGN KEY (`Id_aula`) REFERENCES `tbl_aulas` (`Id_aula`),
  CONSTRAINT `tbl_reporte_usuario_ibfk_3` FOREIGN KEY (`Id_tipo_reporte`) REFERENCES `tbl_tipo_reporte` (`Id_tipo_reporte`),
  CONSTRAINT `tbl_reporte_usuario_ibfk_4` FOREIGN KEY (`Id_Clave_trabajador`) REFERENCES `tbl_trabajadores` (`Id_clave_trabajador`)
) ENGINE=InnoDB AUTO_INCREMENT=32 DEFAULT CHARSET=utf8mb4 COLLATE=utf8mb4_general_ci;

/*Data for the table `tbl_reporte_usuario` */

LOCK TABLES `tbl_reporte_usuario` WRITE;

insert  into `tbl_reporte_usuario`(`Id_reporte_usuario`,`Id_aula`,`Id_Clave_trabajador`,`Fecha_solicitud`,`Fecha_finalizacion`,`Descripcion`,`Id_tipo_reporte`) values (22,3,12,'2024-07-22','2024-07-22','no hay agua',4),(28,3,32,'2024-07-26','2024-07-26','El clima est goteando ',3);

UNLOCK TABLES;

/*Table structure for table `tbl_respuestas` */

DROP TABLE IF EXISTS `tbl_respuestas`;

CREATE TABLE `tbl_respuestas` (
  `Id_respuesta` int(11) NOT NULL AUTO_INCREMENT,
  `Id_clave_trabajador` int(11) NOT NULL,
  `Id_pregunta` int(11) NOT NULL,
  `Respuesta` varchar(255) NOT NULL,
  PRIMARY KEY (`Id_respuesta`),
  KEY `Id_clave_trabajador` (`Id_clave_trabajador`),
  KEY `Id_pregunta` (`Id_pregunta`),
  CONSTRAINT `tbl_respuestas_ibfk_1` FOREIGN KEY (`Id_clave_trabajador`) REFERENCES `tbl_trabajadores` (`Id_clave_trabajador`),
  CONSTRAINT `tbl_respuestas_ibfk_2` FOREIGN KEY (`Id_pregunta`) REFERENCES `tbl_preguntas` (`Id_pregunta`)
) ENGINE=InnoDB AUTO_INCREMENT=12 DEFAULT CHARSET=utf8mb4 COLLATE=utf8mb4_general_ci;

/*Data for the table `tbl_respuestas` */

LOCK TABLES `tbl_respuestas` WRITE;

insert  into `tbl_respuestas`(`Id_respuesta`,`Id_clave_trabajador`,`Id_pregunta`,`Respuesta`) values (2,12,7,'huejutla'),(7,30,4,'roky'),(8,32,7,'huejutla'),(11,13,7,'huautla');

UNLOCK TABLES;

/*Table structure for table `tbl_tipo_reporte` */

DROP TABLE IF EXISTS `tbl_tipo_reporte`;

CREATE TABLE `tbl_tipo_reporte` (
  `Id_tipo_reporte` int(11) NOT NULL AUTO_INCREMENT,
  `Tipo_reporte` varchar(50) DEFAULT NULL,
  PRIMARY KEY (`Id_tipo_reporte`)
) ENGINE=InnoDB AUTO_INCREMENT=5 DEFAULT CHARSET=utf8mb4 COLLATE=utf8mb4_general_ci;

/*Data for the table `tbl_tipo_reporte` */

LOCK TABLES `tbl_tipo_reporte` WRITE;

insert  into `tbl_tipo_reporte`(`Id_tipo_reporte`,`Tipo_reporte`) values (1,'Problema Electrico'),(2,'Limpieza de rea'),(3,'Reparacin de Climas'),(4,'Otro');

UNLOCK TABLES;

/*Table structure for table `tbl_tipos_aula` */

DROP TABLE IF EXISTS `tbl_tipos_aula`;

CREATE TABLE `tbl_tipos_aula` (
  `Id_tipo_aula` int(11) NOT NULL AUTO_INCREMENT,
  `Tipo` varchar(50) NOT NULL,
  PRIMARY KEY (`Id_tipo_aula`)
) ENGINE=InnoDB AUTO_INCREMENT=4 DEFAULT CHARSET=utf8mb4 COLLATE=utf8mb4_general_ci;

/*Data for the table `tbl_tipos_aula` */

LOCK TABLES `tbl_tipos_aula` WRITE;

insert  into `tbl_tipos_aula`(`Id_tipo_aula`,`Tipo`) values (2,'OFICINAS'),(3,'SALONES');

UNLOCK TABLES;

/*Table structure for table `tbl_tipos_de_trabajadores` */

DROP TABLE IF EXISTS `tbl_tipos_de_trabajadores`;

CREATE TABLE `tbl_tipos_de_trabajadores` (
  `Id_tipo_de_trabajador` int(11) NOT NULL AUTO_INCREMENT,
  `Tipo_trabajador` varchar(50) DEFAULT NULL,
  PRIMARY KEY (`Id_tipo_de_trabajador`),
  UNIQUE KEY `Puesto` (`Tipo_trabajador`)
) ENGINE=InnoDB AUTO_INCREMENT=7 DEFAULT CHARSET=utf8mb4 COLLATE=utf8mb4_general_ci;

/*Data for the table `tbl_tipos_de_trabajadores` */

LOCK TABLES `tbl_tipos_de_trabajadores` WRITE;

insert  into `tbl_tipos_de_trabajadores`(`Id_tipo_de_trabajador`,`Tipo_trabajador`) values (5,'DIRECTOR'),(1,'DOCENTE'),(4,'NO ASIGNADO'),(2,'PERSONAL DE INTENDENCIA'),(3,'PERSONAL DE MANTENIMIENTO');

UNLOCK TABLES;

/*Table structure for table `tbl_trabajadores` */

DROP TABLE IF EXISTS `tbl_trabajadores`;

CREATE TABLE `tbl_trabajadores` (
  `Id_clave_trabajador` int(11) NOT NULL AUTO_INCREMENT,
  `Clave_trabajador` varchar(50) DEFAULT NULL,
  `Nombre_del_trabajador` varchar(50) DEFAULT NULL,
  `Apellido_paterno` varchar(50) DEFAULT NULL,
  `Apellido_materno` varchar(50) DEFAULT NULL,
  `tipo_trabajador` int(11) DEFAULT NULL,
  `Contrasea` varchar(50) DEFAULT NULL,
  `Correo` varchar(50) DEFAULT NULL,
  `id_perfil` int(11) DEFAULT NULL,
  PRIMARY KEY (`Id_clave_trabajador`),
  UNIQUE KEY `Clave_trabajador` (`Clave_trabajador`),
  KEY `tipo_trabajador` (`tipo_trabajador`),
  KEY `id_Rol` (`id_perfil`),
  CONSTRAINT `tbl_trabajadores_ibfk_3` FOREIGN KEY (`tipo_trabajador`) REFERENCES `tbl_tipos_de_trabajadores` (`Id_tipo_de_trabajador`),
  CONSTRAINT `tbl_trabajadores_ibfk_4` FOREIGN KEY (`id_perfil`) REFERENCES `tbl_perfiles` (`Id_perfil`)
) ENGINE=InnoDB AUTO_INCREMENT=35 DEFAULT CHARSET=utf8mb4 COLLATE=utf8mb4_general_ci;

/*Data for the table `tbl_trabajadores` */

LOCK TABLES `tbl_trabajadores` WRITE;

insert  into `tbl_trabajadores`(`Id_clave_trabajador`,`Clave_trabajador`,`Nombre_del_trabajador`,`Apellido_paterno`,`Apellido_materno`,`tipo_trabajador`,`Contrasea`,`Correo`,`id_perfil`) values (1,'722','Jorge','Perez','Hernandez',1,'12345678','Jorge@gmail.com',2),(2,'855','Pedro','Fernandez','Perez',3,'12345678','Pedro@gmail.com',2),(3,'568','Andres','Martinez','Solis',3,'55666','Andres@gmail.com',2),(12,'580','Juan De Dios','Rodriguez','Grande',1,'f5bb0c8de146c67b44babbf4e6584cc0','juan.rodriguezgde@gmail.com',1),(13,'720','Yolo','Hernandez','Adrian',1,'1a1233cfb69d7f27211e36aff9ec373a','yolo@gmail.com',2),(30,'310','Rodolfo','Rodriguez','Grande',4,'f5bb0c8de146c67b44babbf4e6584cc0','Rodo@gmail.com',2),(31,'000','root',' ',' ',4,'63a9f0ea7bb98050796b649e85481845','root@gmail.com',1),(32,'389','Cesar','Chavez','Olivares',1,'25d55ad283aa400af464c76d713c07ad','cesar@gmail.com',2);

UNLOCK TABLES;

/*Table structure for table `tbl_ubicaciones_climas` */

DROP TABLE IF EXISTS `tbl_ubicaciones_climas`;

CREATE TABLE `tbl_ubicaciones_climas` (
  `Id_ubicacion_Clima` int(11) NOT NULL AUTO_INCREMENT,
  `Id_clima` int(11) DEFAULT NULL,
  `Id_aula` int(11) DEFAULT NULL,
  PRIMARY KEY (`Id_ubicacion_Clima`),
  KEY `Id_clima` (`Id_clima`),
  KEY `Id_aula` (`Id_aula`),
  CONSTRAINT `tbl_ubicaciones_climas_ibfk_1` FOREIGN KEY (`Id_clima`) REFERENCES `tbl_climas` (`Id_clima`),
  CONSTRAINT `tbl_ubicaciones_climas_ibfk_2` FOREIGN KEY (`Id_aula`) REFERENCES `tbl_aulas` (`Id_aula`)
) ENGINE=InnoDB AUTO_INCREMENT=15 DEFAULT CHARSET=utf8mb4 COLLATE=utf8mb4_general_ci;

/*Data for the table `tbl_ubicaciones_climas` */

LOCK TABLES `tbl_ubicaciones_climas` WRITE;

insert  into `tbl_ubicaciones_climas`(`Id_ubicacion_Clima`,`Id_clima`,`Id_aula`) values (13,32,38);

UNLOCK TABLES;

/*Table structure for table `tbl_vinculacion_iot` */

DROP TABLE IF EXISTS `tbl_vinculacion_iot`;

CREATE TABLE `tbl_vinculacion_iot` (
  `Id_vinculacion_iot` int(11) NOT NULL AUTO_INCREMENT,
  `Id_placa_principal` int(11) NOT NULL,
  `Id_Placa_secundaria` int(11) NOT NULL,
  PRIMARY KEY (`Id_vinculacion_iot`),
  KEY `Id placa principal` (`Id_placa_principal`),
  KEY `Id placa secundaria` (`Id_Placa_secundaria`),
  CONSTRAINT `Id placa principal` FOREIGN KEY (`Id_placa_principal`) REFERENCES `tbl_iot` (`Id_iot`),
  CONSTRAINT `Id placa secundaria` FOREIGN KEY (`Id_Placa_secundaria`) REFERENCES `tbl_iot` (`Id_iot`)
) ENGINE=InnoDB AUTO_INCREMENT=59 DEFAULT CHARSET=utf8mb4 COLLATE=utf8mb4_general_ci;

/*Data for the table `tbl_vinculacion_iot` */

LOCK TABLES `tbl_vinculacion_iot` WRITE;

insert  into `tbl_vinculacion_iot`(`Id_vinculacion_iot`,`Id_placa_principal`,`Id_Placa_secundaria`) values (1,1,2),(2,3,4),(56,55,57),(58,7,8);

UNLOCK TABLES;

/*!40101 SET SQL_MODE=@OLD_SQL_MODE */;
/*!40014 SET FOREIGN_KEY_CHECKS=@OLD_FOREIGN_KEY_CHECKS */;
/*!40014 SET UNIQUE_CHECKS=@OLD_UNIQUE_CHECKS */;
/*!40111 SET SQL_NOTES=@OLD_SQL_NOTES */;
